avg_brightness,contrast,sharpness,category
0.4510211,0.24276975,0.06229971,hotdog
0.5791729,0.20265539,0.03909142,hotdog
0.5949413,0.22685966,0.048417903,hotdog
0.5697115,0.29050216,0.0748243,hotdog
0.32938537,0.2141537,0.029180668,hotdog
0.4886993,0.29384845,0.089997336,hotdog
0.21444635,0.16049115,0.023347132,hotdog
0.47562504,0.2052179,0.04796447,hotdog
0.44954416,0.18911418,0.06237146,hotdog
0.31326398,0.18828453,0.056910925,hotdog
0.3427137,0.25475007,0.034384068,hotdog
0.7603434,0.3042193,0.045783516,hotdog
0.43327972,0.24628606,0.070435725,hotdog
0.42082044,0.24815632,0.07782689,hotdog
0.38993263,0.18204732,0.037688464,hotdog
0.32408017,0.19455147,0.030745655,hotdog
0.39831176,0.34519583,0.05432041,hotdog
0.4090477,0.399571,0.04276695,hotdog
0.6013625,0.37001923,0.13053328,hotdog
0.398641,0.29858804,0.063972004,hotdog
0.5049086,0.3319057,0.09319267,hotdog
0.4368192,0.34690496,0.053784594,hotdog
0.52944815,0.22635068,0.03841998,hotdog
0.6002487,0.2796195,0.07823577,hotdog
0.4618702,0.32501677,0.076112874,hotdog
0.5236688,0.27948302,0.07111794,hotdog
0.71334916,0.2866735,0.04362913,hotdog
0.38995445,0.20781277,0.036781304,hotdog
0.41674244,0.32129905,0.040713027,hotdog
0.44300738,0.24510498,0.04715975,hotdog
0.29036877,0.3290524,0.043246854,hotdog
0.46391663,0.25036168,0.0542365,hotdog
0.48989436,0.24896398,0.08378366,hotdog
0.43357524,0.27682993,0.08555602,hotdog
0.5361325,0.23899238,0.045121096,hotdog
0.36808765,0.24427357,0.050911464,hotdog
0.5158252,0.21627556,0.04653688,hotdog
0.5363859,0.24782158,0.045376144,hotdog
0.49614236,0.23541574,0.03969711,hotdog
0.45370674,0.23202898,0.053660315,hotdog
0.46078515,0.23883253,0.05727738,hotdog
0.45736852,0.3346624,0.069057584,hotdog
0.38455212,0.18874678,0.04223073,hotdog
0.48502848,0.267779,0.05097235,hotdog
0.37073758,0.3179877,0.08121021,hotdog
0.3789722,0.1987943,0.034382198,hotdog
0.4892288,0.2570654,0.07355395,hotdog
0.42658198,0.24388473,0.0508044,hotdog
0.5329894,0.28394574,0.07931565,hotdog
0.5087301,0.2627078,0.05757079,hotdog
0.31790006,0.1830125,0.057874236,hotdog
0.55634713,0.22180928,0.080831856,hotdog
0.5561736,0.18485025,0.031062625,hotdog
0.41674244,0.32129905,0.040713027,hotdog
0.6662321,0.30411902,0.063619286,hotdog
0.50222266,0.22557288,0.058011577,hotdog
0.5828489,0.27659968,0.043967187,hotdog
0.39553902,0.25443903,0.058636706,hotdog
0.3658497,0.19785564,0.075192906,hotdog
0.36554018,0.17373393,0.05376984,hotdog
0.30516365,0.23287196,0.052741572,hotdog
0.43183878,0.2924641,0.066004835,hotdog
0.2960429,0.2539404,0.037118085,hotdog
0.41453874,0.29241464,0.114763886,hotdog
0.42819762,0.26033676,0.070910126,hotdog
0.37180123,0.21152788,0.07964807,hotdog
0.4508407,0.3089625,0.10153243,hotdog
0.5715533,0.2569936,0.04955224,hotdog
0.4258132,0.18924943,0.040639266,hotdog
0.46716234,0.3161784,0.047632463,hotdog
0.41225517,0.2205295,0.054183505,hotdog
0.55400836,0.22545244,0.056759138,hotdog
0.40574983,0.3507877,0.025710285,hotdog
0.44012284,0.2724714,0.060654003,hotdog
0.501641,0.24030563,0.05828635,hotdog
0.299152,0.28251705,0.05832764,hotdog
0.49727258,0.29107916,0.059357908,hotdog
0.476879,0.27702975,0.080650195,hotdog
0.32727093,0.26105884,0.04799213,hotdog
0.29816902,0.28851694,0.040757574,hotdog
0.32541862,0.21895118,0.046049364,hotdog
0.51200145,0.29296806,0.06964225,hotdog
0.4407381,0.22202696,0.05590828,hotdog
0.39676055,0.22582456,0.05369235,hotdog
0.31398872,0.27299792,0.040020924,hotdog
0.46050525,0.25373843,0.036826886,hotdog
0.34690323,0.27517825,0.05301729,hotdog
0.408354,0.16133702,0.04120766,hotdog
0.58064437,0.25902125,0.08427531,hotdog
0.31326398,0.18828453,0.056910925,hotdog
0.27952078,0.20399112,0.029548476,hotdog
0.24309434,0.28706726,0.037677653,hotdog
0.27952078,0.20399112,0.029548476,hotdog
0.41062322,0.36891255,0.06083383,hotdog
0.27827176,0.20053355,0.06088541,hotdog
0.4926156,0.24696408,0.06552216,hotdog
0.35749015,0.2637516,0.063705646,hotdog
0.3868519,0.21493708,0.032398887,hotdog
0.5281872,0.20713286,0.032177776,hotdog
0.3861448,0.25575304,0.049538348,hotdog
0.4253442,0.21250515,0.07117072,hotdog
0.5833126,0.22092976,0.049910974,hotdog
0.49564362,0.22764169,0.08342,hotdog
0.30417565,0.22951783,0.046198957,hotdog
0.5344046,0.31048444,0.04611862,hotdog
0.4840095,0.3066251,0.07047377,hotdog
0.38966325,0.2770746,0.0849685,hotdog
0.4653566,0.30868712,0.08600648,hotdog
0.35580763,0.20596083,0.055237528,hotdog
0.50389916,0.28727219,0.054724,hotdog
0.55616325,0.2541408,0.06080229,hotdog
0.3946769,0.27281302,0.074315585,hotdog
0.35675928,0.24321054,0.06813719,hotdog
0.5113075,0.32571873,0.053862546,hotdog
0.5583448,0.25857407,0.03421584,hotdog
0.60376936,0.16677225,0.042859763,hotdog
0.46039328,0.27039343,0.08519814,hotdog
0.34798288,0.2106366,0.060562313,hotdog
0.3901155,0.22588456,0.039605796,hotdog
0.49984598,0.22341399,0.056775954,hotdog
0.516713,0.26285818,0.058333203,hotdog
0.33531162,0.2711952,0.042373415,hotdog
0.30772164,0.2554198,0.03921428,hotdog
0.81440896,0.26248956,0.034139942,hotdog
0.579708,0.255316,0.06572685,hotdog
0.50226444,0.30443162,0.06477663,hotdog
0.3333516,0.29705495,0.07564966,hotdog
0.27616152,0.23183917,0.041794494,hotdog
0.5473212,0.26028323,0.07261437,hotdog
0.3986133,0.2637326,0.06960424,hotdog
0.42729774,0.256019,0.052345004,hotdog
0.5329894,0.28394574,0.07931565,hotdog
0.5979125,0.16839205,0.03697632,hotdog
0.46694842,0.21124847,0.058082886,hotdog
0.43380094,0.26567185,0.0599834,hotdog
0.46328774,0.3184919,0.070517205,hotdog
0.53383523,0.279217,0.07640469,hotdog
0.5106059,0.25055134,0.07680626,hotdog
0.44996288,0.19863106,0.06259667,hotdog
0.43183675,0.20182697,0.060562536,hotdog
0.43889093,0.21951291,0.06755063,hotdog
0.43735862,0.22921541,0.07407553,hotdog
0.54853106,0.27175206,0.068383105,hotdog
0.38734484,0.22592434,0.055068076,hotdog
0.44185543,0.24056678,0.023526208,hotdog
0.5350153,0.20173563,0.053780273,hotdog
0.40029016,0.21930261,0.03509608,hotdog
0.31888732,0.18634775,0.035255354,hotdog
0.53020054,0.2678583,0.073185414,hotdog
0.5757182,0.22642252,0.048042543,hotdog
0.50832057,0.2911038,0.062850766,hotdog
0.1775492,0.23590137,0.03146805,hotdog
0.4091208,0.20023525,0.060998872,hotdog
0.51200145,0.29296806,0.06964225,hotdog
0.3785052,0.19055773,0.0327889,hotdog
0.35966584,0.25313577,0.06204476,hotdog
0.4203302,0.18362452,0.044092637,hotdog
0.4981912,0.3356656,0.05428269,hotdog
0.4052333,0.22124286,0.054018825,hotdog
0.25819138,0.24013415,0.053257164,hotdog
0.33762524,0.17484897,0.03308014,hotdog
0.37004492,0.29338005,0.07668697,hotdog
0.5652082,0.29983917,0.047262337,hotdog
0.40709078,0.20590019,0.04404557,hotdog
0.4494891,0.20995829,0.0466934,hotdog
0.3185215,0.26894972,0.045420155,hotdog
0.8059978,0.25151187,0.033978753,hotdog
0.29415295,0.2800709,0.099043325,hotdog
0.49732342,0.27430072,0.04788219,hotdog
0.5166334,0.2668776,0.050992936,hotdog
0.5447598,0.252567,0.046842247,hotdog
0.47646502,0.21352777,0.05120701,hotdog
0.52099127,0.26276895,0.07085963,hotdog
0.52682686,0.2290354,0.06808256,hotdog
0.34411177,0.2372123,0.029390382,hotdog
0.37716818,0.27760023,0.05273726,hotdog
0.44954416,0.18911418,0.06237146,hotdog
0.3371022,0.259203,0.0838475,hotdog
0.48455212,0.2200205,0.05218704,hotdog
0.36772642,0.18151678,0.0404914,hotdog
0.5748134,0.2531996,0.045716587,hotdog
0.45139608,0.28660774,0.098488905,hotdog
0.52597755,0.28422654,0.055424105,hotdog
0.7276335,0.2589769,0.054050803,hotdog
0.32426146,0.27417412,0.057231445,hotdog
0.4086461,0.24412253,0.03244976,hotdog
0.35789302,0.23725876,0.06360153,hotdog
0.30516365,0.23287196,0.052741572,hotdog
0.49446285,0.2730409,0.07131668,hotdog
0.45867717,0.25982708,0.042582516,hotdog
0.5215218,0.19469509,0.05680773,hotdog
0.38908198,0.29492593,0.052556254,hotdog
0.43657994,0.30064756,0.114548326,hotdog
0.4012836,0.2866874,0.057887033,hotdog
0.48469314,0.15964796,0.03063009,hotdog
0.4954106,0.28099138,0.043370042,hotdog
0.44259307,0.16493459,0.03257066,hotdog
0.46739975,0.27824974,0.051728867,hotdog
0.31295604,0.26551327,0.038003363,hotdog
0.58301806,0.24614687,0.07906622,hotdog
0.4525175,0.17377558,0.019083103,hotdog
0.47043875,0.21432342,0.03213016,hotdog
0.39562145,0.2029853,0.0361211,hotdog
0.6018853,0.18721806,0.034292445,hotdog
0.29062462,0.2179385,0.050235976,hotdog
0.319254,0.26010376,0.080244616,hotdog
0.61002094,0.33336347,0.08963976,hotdog
0.38745508,0.27171013,0.056531474,hotdog
0.14792138,0.11424002,0.02465678,hotdog
0.65828764,0.24519943,0.06990343,hotdog
0.43221095,0.2297788,0.052958757,hotdog
0.5507304,0.28438386,0.06511172,hotdog
0.57424855,0.265129,0.07832645,hotdog
0.49984598,0.22341399,0.056775954,hotdog
0.56148714,0.33694124,0.06672147,hotdog
0.3839015,0.26015276,0.07916886,hotdog
0.45125857,0.23513149,0.0617065,hotdog
0.56640196,0.26054993,0.060184553,hotdog
0.40733132,0.22916539,0.05682999,hotdog
0.7531268,0.27461684,0.050123215,hotdog
0.33644,0.23393993,0.053836875,hotdog
0.538439,0.3052655,0.11264139,hotdog
0.37847725,0.17327574,0.053772535,hotdog
0.4353834,0.1533963,0.026249308,hotdog
0.45582652,0.24514568,0.06735913,hotdog
0.31325653,0.18838006,0.056977134,hotdog
0.396427,0.23096678,0.07421303,hotdog
0.3785052,0.19055773,0.0327889,hotdog
0.48625532,0.2333036,0.04772277,hotdog
0.56117463,0.23612267,0.053417806,hotdog
0.4834768,0.19097486,0.03919868,hotdog
0.35857034,0.30356258,0.1116792,hotdog
0.62618536,0.30294675,0.065692514,hotdog
0.42379245,0.29352394,0.09451657,hotdog
0.15724204,0.234366,0.025981495,hotdog
0.5106443,0.20251334,0.053751547,hotdog
0.302007,0.2572079,0.09272106,hotdog
0.59929377,0.24371214,0.044860736,hotdog
0.38042727,0.2890309,0.06687245,hotdog
0.4834768,0.19097486,0.03919868,hotdog
0.5454175,0.2120469,0.04185617,hotdog
0.43309203,0.3068398,0.09081977,hotdog
0.49508777,0.3365799,0.05294794,hotdog
0.46961424,0.242234,0.04490977,hotdog
0.4408654,0.2385756,0.06816379,hotdog
0.3700323,0.32155815,0.045499355,hotdog
0.42940795,0.24596325,0.042547747,hotdog
0.67073447,0.3308885,0.059300646,hotdog
0.33464226,0.169429,0.04567961,hotdog
0.44627392,0.32579178,0.11529133,hotdog
0.73190975,0.27270666,0.050642677,hotdog
0.47398856,0.2376956,0.060776785,hotdog
0.5942535,0.25802675,0.047434025,hotdog
0.5692504,0.22576626,0.057542138,hotdog
0.35789302,0.23725876,0.06360153,hotdog
0.4729735,0.23740509,0.052534353,hotdog
0.29956284,0.3299182,0.03406311,hotdog
0.49819398,0.2734509,0.078457974,hotdog
0.31598076,0.31104982,0.086109065,hotdog
0.60977674,0.22415374,0.06474987,hotdog
0.32911453,0.20309438,0.06352627,hotdog
0.3687661,0.30268618,0.04975304,hotdog
0.5561736,0.18485025,0.031062625,hotdog
0.50147635,0.23914705,0.08559817,hotdog
0.45061028,0.25619543,0.07378551,hotdog
0.4469119,0.2045478,0.034880098,hotdog
0.55139166,0.32260922,0.079681195,hotdog
0.4289799,0.2915084,0.073220596,hotdog
0.2763472,0.25231922,0.04729327,hotdog
0.2983732,0.24081008,0.042762473,hotdog
0.35973194,0.25430343,0.08711043,hotdog
0.49314773,0.26190993,0.041128412,hotdog
0.4760306,0.23701796,0.06040403,hotdog
0.43061826,0.18636982,0.058644276,hotdog
0.43973055,0.2985931,0.10565016,hotdog
0.36772642,0.18151678,0.0404914,hotdog
0.5473222,0.32166973,0.09439198,hotdog
0.5697115,0.29050216,0.0748243,hotdog
0.38217583,0.21107668,0.04324914,hotdog
0.43129134,0.23224588,0.041384883,hotdog
0.5134092,0.24750109,0.04504619,hotdog
0.31775692,0.26711813,0.09900421,hotdog
0.46889356,0.28989738,0.087942526,hotdog
0.4823039,0.2434043,0.06733959,hotdog
0.38995704,0.27818117,0.05401356,hotdog
0.4869322,0.26245105,0.049070314,hotdog
0.47227228,0.18479197,0.07206863,hotdog
0.4306654,0.26692888,0.038834795,hotdog
0.43889093,0.21951291,0.06755063,hotdog
0.5325652,0.24479371,0.07077953,hotdog
0.4949212,0.24379233,0.08661753,hotdog
0.45912203,0.28831428,0.040472955,hotdog
0.3811077,0.29047537,0.06888687,hotdog
0.45363057,0.25298297,0.060118668,hotdog
0.43998742,0.31350696,0.07975561,hotdog
0.44884396,0.2777164,0.07486557,hotdog
0.61002094,0.33336347,0.08963976,hotdog
0.6658121,0.23417945,0.06709678,hotdog
0.43646178,0.30729416,0.038986385,hotdog
0.71755433,0.2666801,0.074910484,hotdog
0.50535446,0.18172649,0.030376663,hotdog
0.46971035,0.17597328,0.039469335,hotdog
0.55616325,0.2541408,0.06080229,hotdog
0.27530256,0.249885,0.031840593,hotdog
0.5068403,0.30498508,0.07220605,hotdog
0.3513637,0.18942527,0.051638003,hotdog
0.42734018,0.2713965,0.07315385,hotdog
0.6608469,0.2847183,0.077257074,hotdog
0.34534928,0.19757494,0.06178277,hotdog
0.47771117,0.37708697,0.04974562,hotdog
0.45332155,0.21585642,0.048255425,hotdog
0.51051325,0.35704172,0.07565638,hotdog
0.40583053,0.264136,0.047548965,hotdog
0.30998984,0.22220516,0.0440368,hotdog
0.55203146,0.255341,0.060384195,hotdog
0.11688703,0.17938079,0.028959295,hotdog
0.47661316,0.23198502,0.06974399,hotdog
0.5113075,0.32571873,0.053862546,hotdog
0.52511615,0.274994,0.070006326,hotdog
0.3038051,0.21055044,0.07013141,hotdog
0.49213195,0.2613008,0.080162495,hotdog
0.34148583,0.22804135,0.0521274,hotdog
0.45620933,0.20128368,0.07434122,hotdog
0.3885512,0.20365961,0.04999022,hotdog
0.23596263,0.2719279,0.018576484,hotdog
0.26062658,0.20437685,0.03334292,hotdog
0.53303146,0.27198786,0.07068586,hotdog
0.37847725,0.17327574,0.053772535,hotdog
0.37073758,0.3179877,0.08121021,hotdog
0.42458382,0.3026466,0.06219318,hotdog
0.42925146,0.1785701,0.04932835,hotdog
0.30762327,0.19174908,0.06190616,hotdog
0.52529925,0.2618109,0.042631608,hotdog
0.52403814,0.29629958,0.059788074,hotdog
0.32541862,0.21895118,0.046049364,hotdog
0.44894674,0.2428289,0.051803917,hotdog
0.4374837,0.2432828,0.06333957,hotdog
0.48610905,0.24145953,0.040210094,hotdog
0.52281445,0.22187003,0.04275829,hotdog
0.33368266,0.23507877,0.09191185,hotdog
0.6258798,0.28494763,0.08646071,hotdog
0.44172537,0.26532763,0.060036268,hotdog
0.398641,0.29858804,0.063972004,hotdog
0.44019482,0.3220309,0.0602145,hotdog
0.49727258,0.29107916,0.059357908,hotdog
0.36880872,0.27704167,0.08700875,hotdog
0.4692177,0.23546626,0.055068262,hotdog
0.542098,0.22818162,0.056331024,hotdog
0.47671196,0.2691701,0.06524249,hotdog
0.4804323,0.26058358,0.054821026,hotdog
0.36306146,0.32439548,0.04117116,hotdog
0.15724204,0.234366,0.025981495,hotdog
0.37300023,0.23431899,0.050466552,hotdog
0.2919422,0.23711535,0.06927726,hotdog
0.307632,0.1917874,0.06193242,hotdog
0.504895,0.3195463,0.11792551,hotdog
0.44159767,0.26373443,0.05440189,hotdog
0.450713,0.2513875,0.06972499,hotdog
0.53383654,0.32448682,0.058688506,hotdog
0.46301183,0.23788977,0.06873807,hotdog
0.4994136,0.25517765,0.050923716,hotdog
0.71334916,0.2866735,0.04362913,hotdog
0.881635,0.23947106,0.02535915,hotdog
0.4622337,0.28119135,0.07891412,hotdog
0.3152323,0.18675971,0.055490807,hotdog
0.39756393,0.23869812,0.08066242,hotdog
0.66995496,0.31888846,0.073111795,hotdog
0.42595902,0.39687577,0.044381518,hotdog
0.7322605,0.32135412,0.05545766,hotdog
0.39816546,0.21884307,0.066346414,hotdog
0.27393976,0.28738287,0.036354735,hotdog
0.27775863,0.28723124,0.09337378,hotdog
0.48396716,0.27311006,0.06319366,hotdog
0.5236886,0.2540804,0.04864958,hotdog
0.39708725,0.23957686,0.08545278,hotdog
0.5311288,0.24519481,0.0511257,hotdog
0.3962989,0.2740463,0.08963671,hotdog
0.30861977,0.20558652,0.03454626,hotdog
0.5360983,0.21628354,0.048294846,hotdog
0.529984,0.18674055,0.057404142,hotdog
0.5970342,0.19174372,0.050533038,hotdog
0.49099445,0.27774692,0.038761485,hotdog
0.59999317,0.264635,0.063050434,hotdog
0.46709633,0.29689482,0.04877458,hotdog
0.38221636,0.23136806,0.08434193,hotdog
0.6141365,0.24044245,0.046547126,hotdog
0.33039296,0.2486188,0.077379465,hotdog
0.54219294,0.19334418,0.05002845,hotdog
0.5865937,0.24700598,0.053580794,hotdog
0.8049285,0.27426818,0.042060032,hotdog
0.36490384,0.18067376,0.032759912,hotdog
0.7276335,0.2589769,0.054050803,hotdog
0.59643644,0.23720084,0.052943204,hotdog
0.42695057,0.26151776,0.0654327,hotdog
0.4058365,0.26470926,0.073019266,hotdog
0.52853054,0.2798686,0.030671762,hotdog
0.38504457,0.26506084,0.08772737,hotdog
0.29018626,0.21593955,0.041275594,hotdog
0.5126058,0.28691158,0.079179734,hotdog
0.42117122,0.16723293,0.027634103,hotdog
0.43373108,0.32547268,0.03944157,hotdog
0.46029064,0.23453456,0.06836935,hotdog
0.4261622,0.30993614,0.046766117,hotdog
0.39281335,0.21098235,0.033733457,hotdog
0.37848353,0.1732899,0.053781297,hotdog
0.58423644,0.28616434,0.08716874,hotdog
0.36287022,0.28580734,0.072041646,hotdog
0.26069036,0.32007083,0.04520838,hotdog
0.36795616,0.21609937,0.027932309,hotdog
0.5350153,0.20173563,0.053780273,hotdog
0.51608604,0.25957707,0.07751557,hotdog
0.5274138,0.2265277,0.055707157,hotdog
0.4678129,0.25918958,0.073372245,hotdog
0.5202367,0.215208,0.04985309,hotdog
0.3789722,0.1987943,0.034382198,hotdog
0.3605713,0.26205134,0.053465627,hotdog
0.3870149,0.24903615,0.071512565,hotdog
0.43061826,0.18636982,0.058644276,hotdog
0.37471485,0.30458972,0.034254447,hotdog
0.32306924,0.23993243,0.0611071,hotdog
0.36293402,0.29783744,0.052591093,hotdog
0.39635858,0.2808427,0.04964134,hotdog
0.72886175,0.27696902,0.064742975,hotdog
0.4849287,0.26849425,0.08216062,hotdog
0.34317186,0.17832798,0.0485685,hotdog
0.52346855,0.18258354,0.052706525,hotdog
0.25073218,0.19306374,0.043530542,hotdog
0.476879,0.27702975,0.080650195,hotdog
0.4802266,0.20539716,0.0659389,hotdog
0.29406175,0.2727929,0.07349685,hotdog
0.40733132,0.22916539,0.05682999,hotdog
0.18035012,0.09481397,0.021367677,hotdog
0.5437889,0.22788028,0.055611074,hotdog
0.53391045,0.28756094,0.08640677,hotdog
0.36877918,0.26574942,0.07699515,hotdog
0.4510211,0.24276975,0.06229971,hotdog
0.23945259,0.109852195,0.03025652,hotdog
0.35499147,0.24203412,0.054926332,hotdog
0.42774448,0.2852833,0.08746637,hotdog
0.4949212,0.24379233,0.08661753,hotdog
0.8059843,0.25150508,0.033966355,hotdog
0.4067261,0.32331377,0.045459397,hotdog
0.4052333,0.22124286,0.054018825,hotdog
0.4802266,0.20539716,0.0659389,hotdog
0.5444705,0.3497394,0.071518086,hotdog
0.3983176,0.21266074,0.068012424,hotdog
0.3101845,0.2808244,0.054523334,hotdog
0.4756653,0.20623608,0.05643334,hotdog
0.5267485,0.24917965,0.058741406,hotdog
0.4840095,0.3066251,0.07047377,hotdog
0.5060892,0.22556815,0.063181624,hotdog
0.32780412,0.25496572,0.03731033,hotdog
0.41536215,0.24630517,0.05367901,hotdog
0.5157097,0.23578186,0.059365086,hotdog
0.44019458,0.250351,0.0598815,hotdog
0.48332092,0.15903963,0.027194448,hotdog
0.4012836,0.2866874,0.057887033,hotdog
0.4500462,0.255848,0.04506945,hotdog
0.37384894,0.21433872,0.072889045,hotdog
0.4489282,0.23226945,0.06506423,hotdog
0.46189705,0.19678484,0.045224234,hotdog
0.44996288,0.19863106,0.06259667,hotdog
0.22244404,0.17832434,0.02083751,hotdog
0.6399676,0.308609,0.036648314,hotdog
0.53303146,0.27198786,0.07068586,hotdog
0.298504,0.22218272,0.058216862,hotdog
0.31793937,0.27915913,0.07342317,hotdog
0.4997894,0.24096398,0.04195546,hotdog
0.4831492,0.25749573,0.04064843,hotdog
0.8490986,0.2201773,0.04965527,hotdog
0.58079416,0.26695752,0.04592326,hotdog
0.40438676,0.29148397,0.07029125,hotdog
0.3039606,0.24653657,0.05643879,hotdog
0.5230925,0.31236482,0.04120981,hotdog
0.4258132,0.18924943,0.040639266,hotdog
0.4252932,0.17649285,0.045801364,hotdog
0.51620835,0.3299483,0.0606821,hotdog
0.4023143,0.19907822,0.0544505,hotdog
0.43428805,0.2533732,0.032631516,hotdog
0.4768794,0.26319262,0.092089124,hotdog
0.4826624,0.26619345,0.053188972,hotdog
0.48600554,0.2012633,0.048605196,hotdog
0.46914002,0.19793858,0.027884785,hotdog
0.30361584,0.21186376,0.054834366,hotdog
0.35996214,0.30169815,0.03727918,hotdog
0.3994052,0.21097134,0.031204658,hotdog
0.4810498,0.2853809,0.06330078,hotdog
0.46113884,0.20980158,0.04131308,hotdog
0.44480523,0.20973605,0.055248864,hotdog
0.49760672,0.26306957,0.045714732,hotdog
0.5289009,0.20495406,0.050691172,hotdog
0.30998984,0.22220516,0.0440368,hotdog
0.4090477,0.399571,0.04276695,hotdog
0.45205212,0.23815279,0.059822805,hotdog
0.50535446,0.18172649,0.030376663,hotdog
0.33464226,0.169429,0.04567961,hotdog
0.41104448,0.24654116,0.08353253,hotdog
0.45065185,0.16214737,0.039927937,hotdog
0.5460054,0.24442437,0.050730772,hotdog
0.22165114,0.19421095,0.04351491,hotdog
0.56709516,0.26384002,0.059670433,hotdog
0.4091208,0.20023525,0.060998872,hotdog
0.47781512,0.28009352,0.04172361,hotdog
0.38054767,0.3029762,0.09191206,hotdog
0.66995496,0.31888846,0.073111795,hotdog
0.36746004,0.23434782,0.06272752,hotdog
0.4074501,0.25409254,0.10330602,hotdog
0.50941384,0.30431336,0.045736477,hotdog
0.45948613,0.24376558,0.053385172,hotdog
0.57101995,0.2474782,0.03773643,hotdog
0.40438676,0.29148397,0.07029125,hotdog
0.4361519,0.23513404,0.06336871,hotdog
0.5157097,0.23578186,0.059365086,hotdog
0.6141365,0.24044245,0.046547126,hotdog
0.5593205,0.28170833,0.04012645,hotdog
0.37710944,0.23624901,0.06552151,hotdog
0.48204756,0.22366503,0.056605265,hotdog
0.51198435,0.32899532,0.06315372,hotdog
0.43626547,0.2151149,0.05855549,hotdog
0.50323313,0.20705971,0.05281108,hotdog
0.45528054,0.28642517,0.06767928,hotdog
0.4357667,0.22567317,0.031205015,hotdog
0.44856748,0.22934864,0.050678346,hotdog
0.53820586,0.2892287,0.07671419,hotdog
0.4645402,0.2147874,0.05472501,hotdog
0.41539028,0.2686112,0.05589779,hotdog
0.5586373,0.27730706,0.06400538,hotdog
0.47874472,0.25324658,0.05986568,hotdog
0.5603141,0.3966926,0.14971584,hotdog
0.53944176,0.2223635,0.05498198,hotdog
0.52597755,0.28422654,0.055424105,hotdog
0.28283158,0.20367953,0.057282977,hotdog
0.4777299,0.36406595,0.08233466,hotdog
0.39482167,0.30347544,0.08251849,hotdog
0.60977674,0.22415374,0.06474987,hotdog
0.4211521,0.2553426,0.042531118,hotdog
0.6255741,0.2670481,0.058804147,hotdog
0.5095708,0.22346461,0.053399473,hotdog
0.27240005,0.22778706,0.065885104,hotdog
0.49069855,0.26361814,0.047718447,hotdog
0.47227228,0.18479197,0.07206863,hotdog
0.3789492,0.23637633,0.06521268,hotdog
0.42756453,0.3772288,0.04315395,hotdog
0.52403814,0.29629958,0.059788074,hotdog
0.60538,0.30543676,0.043614104,hotdog
0.5806357,0.25913385,0.08432266,hotdog
0.49857926,0.23049895,0.05928999,hotdog
0.43388245,0.25480807,0.052933283,hotdog
0.39670458,0.20920703,0.04828179,hotdog
0.4310141,0.30536503,0.05186768,hotdog
0.42655852,0.26843056,0.080532186,hotdog
0.5186227,0.2535329,0.07746999,hotdog
0.46914002,0.19793858,0.027884785,hotdog
0.58064437,0.25902125,0.08427531,hotdog
0.50503737,0.23959036,0.07963296,hotdog
0.3986133,0.2637326,0.06960424,hotdog
0.4443244,0.31539682,0.06586154,hotdog
0.5460745,0.29249948,0.06547466,hotdog
0.47563305,0.20511797,0.04789836,hotdog
0.51461446,0.32416093,0.07482633,hotdog
0.29956284,0.3299182,0.03406311,hotdog
0.3915513,0.29712665,0.07743789,hotdog
0.4920505,0.20730723,0.051271338,hotdog
0.56117463,0.23612267,0.053417806,hotdog
0.5311288,0.24519481,0.0511257,hotdog
0.44926167,0.1998152,0.061710324,hotdog
0.30688605,0.2685744,0.04850582,hotdog
0.41018185,0.20757492,0.049363323,hotdog
0.22232437,0.25080967,0.025441088,hotdog
0.4222772,0.20329766,0.05191354,hotdog
0.47338557,0.18896383,0.034412093,hotdog
0.16761859,0.22408713,0.0250138,hotdog
0.33353683,0.22419256,0.053495836,hotdog
0.36648586,0.2808556,0.04683265,hotdog
0.4379735,0.17447324,0.060484786,hotdog
0.39608216,0.20444795,0.05751328,hotdog
0.36777353,0.23971052,0.037611604,hotdog
0.5137458,0.25007248,0.07330041,hotdog
0.41367805,0.25190297,0.064517215,hotdog
0.21553318,0.263466,0.04142682,hotdog
0.40650403,0.30354932,0.07009243,hotdog
0.5849512,0.24385066,0.05121809,hotdog
0.49984965,0.1752939,0.033057265,hotdog
0.32655388,0.22490977,0.046254277,hotdog
0.56148714,0.33694124,0.06672147,hotdog
0.46997392,0.21684512,0.049344722,hotdog
0.39856026,0.25630605,0.08745384,hotdog
0.4921972,0.2644611,0.06935055,hotdog
0.57794476,0.22683133,0.053341012,hotdog
0.49288628,0.34591424,0.087620445,hotdog
0.5018273,0.2183956,0.040601432,hotdog
0.34486637,0.19331264,0.042774707,hotdog
0.52853054,0.2798686,0.030671762,hotdog
0.5473212,0.26028323,0.07261437,hotdog
0.383965,0.22251807,0.05921797,hotdog
0.5225966,0.27184257,0.04352744,hotdog
0.48176256,0.24434857,0.06194601,hotdog
0.5577841,0.20005211,0.046043027,hotdog
0.47496477,0.25284058,0.04805157,hotdog
0.2940682,0.23663513,0.024083158,hotdog
0.45205212,0.23815279,0.059822805,hotdog
0.38804188,0.18150663,0.03878145,hotdog
0.5852232,0.23621072,0.06542019,hotdog
0.60070395,0.2601974,0.05936627,hotdog
0.6772768,0.27309915,0.094602175,hotdog
0.5603726,0.26133355,0.08123779,hotdog
0.46351257,0.32242504,0.08107097,hotdog
0.53124964,0.22127923,0.052257344,hotdog
0.36996353,0.22859725,0.054900073,hotdog
0.5397092,0.21981847,0.03575885,hotdog
0.30417565,0.22951783,0.046198957,hotdog
0.48219347,0.2879892,0.10028935,hotdog
0.49175906,0.23170353,0.046888053,hotdog
0.5757182,0.22642252,0.048042543,hotdog
0.54874337,0.24978352,0.081964105,hotdog
0.579708,0.255316,0.06572685,hotdog
0.48419723,0.27230027,0.05030878,hotdog
0.46555242,0.20574161,0.058846697,hotdog
0.40643343,0.24627884,0.049837306,hotdog
0.38305068,0.35261783,0.07598742,hotdog
0.52933955,0.24436566,0.04252685,hotdog
0.404361,0.2301766,0.048722103,hotdog
0.5095708,0.22346461,0.053399473,hotdog
0.49626985,0.2181178,0.046390098,hotdog
0.29761446,0.25297183,0.09786084,hotdog
0.38904345,0.23765008,0.039496303,hotdog
0.3930583,0.2615648,0.055749357,hotdog
0.37818372,0.2653879,0.058211464,hotdog
0.38995704,0.27818117,0.05401356,hotdog
0.5542967,0.29806268,0.07717917,hotdog
0.4418925,0.2426348,0.07012546,hotdog
0.38745508,0.27171013,0.056531474,hotdog
0.5225521,0.21464883,0.06454201,hotdog
0.38935128,0.29728252,0.050063234,hotdog
0.4920505,0.20730723,0.051271338,hotdog
0.50721246,0.28661478,0.11091329,hotdog
0.47341397,0.13007002,0.036759026,hotdog
0.38312897,0.24908628,0.039626822,hotdog
0.51062346,0.20251259,0.053742386,hotdog
0.46393636,0.18267417,0.03366754,hotdog
0.43291917,0.25610247,0.08531385,hotdog
0.6224797,0.2622279,0.065852195,hotdog
0.21732569,0.18413086,0.031605855,hotdog
0.47866198,0.28771865,0.09067652,hotdog
0.52645856,0.20705278,0.06855013,hotdog
0.3421158,0.25367853,0.04996234,hotdog
0.5363859,0.24782158,0.045376144,hotdog
0.4117024,0.2310779,0.043354817,hotdog
0.4639345,0.26125085,0.07569399,hotdog
0.46691814,0.29080158,0.06922297,hotdog
0.43597865,0.24565747,0.07879318,hotdog
0.37858167,0.20082347,0.038433783,hotdog
0.3526124,0.30244592,0.048164707,hotdog
0.52527314,0.2470641,0.062849365,hotdog
0.37876225,0.17509237,0.048445184,hotdog
0.34349048,0.18969823,0.04128108,hotdog
0.32977617,0.25917876,0.05317236,hotdog
0.31793484,0.27923846,0.07348155,hotdog
0.58928627,0.23952317,0.065465935,hotdog
0.5225966,0.27184257,0.04352744,hotdog
0.48104647,0.2446432,0.067488104,hotdog
0.4008281,0.2433654,0.052648082,hotdog
0.47661316,0.23198502,0.06974399,hotdog
0.2686307,0.2427803,0.02486708,hotdog
0.37352833,0.15737675,0.03099703,hotdog
0.5124882,0.22678775,0.047738004,hotdog
0.72547793,0.22711761,0.0526185,hotdog
0.44856748,0.22934864,0.050678346,hotdog
0.45672914,0.19599418,0.04939738,hotdog
0.44470552,0.2915523,0.04587515,hotdog
0.33714977,0.29020077,0.05301086,hotdog
0.49856845,0.23470594,0.057087675,hotdog
0.38821492,0.2907171,0.0986538,hotdog
0.49819398,0.2734509,0.078457974,hotdog
0.44891402,0.20279291,0.05283384,hotdog
0.42756453,0.3772288,0.04315395,hotdog
0.42683586,0.21813343,0.05366327,hotdog
0.6077822,0.23345153,0.07757642,hotdog
0.35490552,0.19486432,0.061439674,hotdog
0.32666,0.33035982,0.0417008,hotdog
0.42210987,0.29504147,0.057898454,hotdog
0.42595902,0.39687577,0.044381518,hotdog
0.39676055,0.22582456,0.05369235,hotdog
0.5194486,0.27923423,0.056427166,hotdog
0.6658748,0.25878993,0.055886514,hotdog
0.36212245,0.21830678,0.077762745,hotdog
0.44757465,0.26154447,0.03720624,hotdog
0.5011378,0.24570832,0.055171803,hotdog
0.53676397,0.23703751,0.056053214,hotdog
0.6376181,0.3110869,0.10538252,hotdog
0.43183675,0.20182697,0.060562536,hotdog
0.395408,0.26739904,0.06564245,hotdog
0.31934378,0.23178352,0.03350636,hotdog
0.58078474,0.26693234,0.045911387,hotdog
0.48422155,0.21941034,0.040968966,hotdog
0.4708022,0.20463522,0.04533647,hotdog
0.5040812,0.28370267,0.07025194,hotdog
0.44078788,0.22313914,0.066770494,hotdog
0.4001386,0.22660986,0.076313965,hotdog
0.55370086,0.2530587,0.061244886,hotdog
0.35675928,0.24321054,0.06813719,hotdog
0.51167554,0.25498965,0.04285154,hotdog
0.5968192,0.26889017,0.06356998,hotdog
0.3038051,0.21055044,0.07013141,hotdog
0.29412395,0.2848585,0.0767703,hotdog
0.5229943,0.34109315,0.039335802,hotdog
0.29816902,0.28851694,0.040757574,hotdog
0.4468064,0.2646051,0.053372346,hotdog
0.5188273,0.25509915,0.051532086,hotdog
0.39635858,0.2808427,0.04964134,hotdog
0.4374837,0.2432828,0.06333957,hotdog
0.4543468,0.24912728,0.043500647,hotdog
0.39957526,0.25093254,0.045082003,hotdog
0.58078474,0.26693234,0.045911387,hotdog
0.44019482,0.3220309,0.0602145,hotdog
0.4792819,0.2253462,0.042853203,hotdog
0.49951637,0.24907866,0.06622711,hotdog
0.50389916,0.28727219,0.054724,hotdog
0.39959446,0.34478742,0.041892104,hotdog
0.5140673,0.28303424,0.06057685,hotdog
0.52108,0.25249615,0.07295338,hotdog
0.43965265,0.2674497,0.08065489,hotdog
0.14792138,0.11424002,0.02465678,hotdog
0.46691814,0.29080158,0.06922297,hotdog
0.5647635,0.29287902,0.06634928,hotdog
0.35880646,0.24884254,0.08327726,hotdog
0.40718803,0.3149368,0.057935305,hotdog
0.5182392,0.20310162,0.036164418,hotdog
0.45125857,0.23513149,0.0617065,hotdog
0.3421158,0.25367853,0.04996234,hotdog
0.15485315,0.16428167,0.037292313,hotdog
0.5092115,0.18578129,0.050180383,hotdog
0.24797054,0.12860103,0.026161851,hotdog
0.4206117,0.25862435,0.089722954,hotdog
0.4272822,0.25318813,0.046279352,hotdog
0.48004198,0.17196885,0.04865513,hotdog
0.47784224,0.28018865,0.04185945,hotdog
0.43172446,0.2621887,0.035135914,hotdog
0.44090685,0.27666482,0.058866765,hotdog
0.3706387,0.25500122,0.043241877,hotdog
0.46739975,0.27824974,0.051728867,hotdog
0.349123,0.22376433,0.054828655,hotdog
0.5245777,0.2336128,0.052035484,hotdog
0.31793937,0.27915913,0.07342317,hotdog
0.39831176,0.34519583,0.05432041,hotdog
0.48005092,0.18358874,0.047827836,hotdog
0.37898874,0.23648834,0.065283924,hotdog
0.44787145,0.21764374,0.030829307,hotdog
0.4720075,0.22031201,0.05195958,hotdog
0.30762327,0.19174908,0.06190616,hotdog
0.64762074,0.27654517,0.059174232,hotdog
0.5864962,0.30076328,0.06086866,hotdog
0.37963894,0.34367067,0.08443655,hotdog
0.41367805,0.25190297,0.064517215,hotdog
0.5043767,0.17941663,0.04234065,hotdog
0.54336417,0.28734854,0.09530145,hotdog
0.33380535,0.1664688,0.024383835,hotdog
0.49210083,0.27813178,0.07914503,hotdog
0.5849512,0.24385066,0.05121809,hotdog
0.53240806,0.258394,0.06195385,hotdog
0.49245262,0.23421709,0.06334391,hotdog
0.37590238,0.2866136,0.099012345,hotdog
0.19815762,0.14931105,0.03755685,hotdog
0.5456508,0.27301913,0.05700526,hotdog
0.3776107,0.20582734,0.06341449,hotdog
0.54302496,0.29366606,0.07260354,hotdog
0.38246712,0.21964754,0.051319506,hotdog
0.47418177,0.28716037,0.092342526,hotdog
0.40173712,0.28212613,0.067252785,hotdog
0.41480517,0.2669096,0.033318862,hotdog
0.56090033,0.21566072,0.04624142,hotdog
0.32911453,0.20309438,0.06352627,hotdog
0.4915417,0.18460096,0.059205014,hotdog
0.47121966,0.28333735,0.06385276,hotdog
0.49616003,0.274593,0.090351,hotdog
0.434088,0.21982108,0.055838626,hotdog
0.4838122,0.27864492,0.04779582,hotdog
0.5942535,0.25802675,0.047434025,hotdog
0.64762074,0.27654517,0.059174232,hotdog
0.58301806,0.24614687,0.07906622,hotdog
0.4937404,0.25177258,0.060170446,hotdog
0.38995445,0.20781277,0.036781304,hotdog
0.41077077,0.29290366,0.113019615,hotdog
0.31786424,0.28018758,0.03574971,hotdog
0.72794485,0.27220362,0.03797567,hotdog
0.52649844,0.2746054,0.077390656,hotdog
0.59929377,0.24371214,0.044860736,hotdog
0.4596069,0.24970025,0.056752667,hotdog
0.4424356,0.28811598,0.09292589,hotdog
0.52292657,0.29947713,0.04575665,hotdog
0.3870596,0.25688824,0.09129962,hotdog
0.5012747,0.29200357,0.07689583,hotdog
0.6608469,0.2847183,0.077257074,hotdog
0.47148207,0.26989064,0.040090177,hotdog
0.52255243,0.21590781,0.0492154,hotdog
0.37710944,0.23624901,0.06552151,hotdog
0.38471362,0.3060445,0.062086243,hotdog
0.47195008,0.26793793,0.08201004,hotdog
0.46029064,0.23453456,0.06836935,hotdog
0.349123,0.22376433,0.054828655,hotdog
0.49959874,0.23462361,0.07628857,hotdog
0.43283272,0.2707057,0.07412835,hotdog
0.48467365,0.32738844,0.083230704,hotdog
0.3643665,0.21541038,0.029809425,hotdog
0.46759853,0.21484686,0.03465807,hotdog
0.33663437,0.27059937,0.08688882,hotdog
0.62958735,0.17442185,0.039786357,hotdog
0.3459054,0.31566396,0.044924777,hotdog
0.13499261,0.19731002,0.03724997,hotdog
0.40574983,0.3507877,0.025710285,hotdog
0.53124964,0.22127923,0.052257344,hotdog
0.30785313,0.22969113,0.036098517,hotdog
0.4074347,0.26674327,0.09562037,hotdog
0.33695844,0.21608584,0.02995689,hotdog
0.6350618,0.25137302,0.05431267,hotdog
0.42750823,0.27378368,0.09828812,hotdog
0.3872451,0.20232393,0.066524476,hotdog
0.19769414,0.23590639,0.0326343,hotdog
0.3662722,0.2950963,0.037777398,hotdog
0.40945354,0.22654632,0.041803747,hotdog
0.44683766,0.22782542,0.08118883,hotdog
0.4895825,0.24365559,0.08330566,hotdog
0.32578287,0.17999348,0.061737936,hotdog
0.44683766,0.22782542,0.08118883,hotdog
0.5700151,0.28236273,0.045127124,hotdog
0.42004195,0.27175757,0.08782163,hotdog
0.47563305,0.20511797,0.04789836,hotdog
0.44171545,0.21134913,0.06232001,hotdog
0.4067261,0.32331377,0.045459397,hotdog
0.4569482,0.1653332,0.059358194,hotdog
0.3649147,0.32459176,0.05529715,hotdog
0.42750823,0.27378368,0.09828812,hotdog
0.34445715,0.2102677,0.052389294,hotdog
0.2947576,0.25904408,0.06483744,hotdog
0.4738547,0.25645524,0.06955561,hotdog
0.35880646,0.24884254,0.08327726,hotdog
0.4683853,0.22497623,0.069740795,hotdog
0.5828489,0.27659968,0.043967187,hotdog
0.46039328,0.27039343,0.08519814,hotdog
0.4510946,0.31113175,0.11115669,hotdog
0.4275571,0.31552207,0.07147554,hotdog
0.49762475,0.1766367,0.059106607,hotdog
0.53184426,0.3315312,0.07158581,hotdog
0.48469314,0.15964796,0.03063009,hotdog
0.5394146,0.22148934,0.048672184,hotdog
0.49521485,0.29887313,0.0692519,hotdog
0.50832057,0.2911038,0.062850766,hotdog
0.6667265,0.2915567,0.07652556,hotdog
0.299152,0.28251705,0.05832764,hotdog
0.516713,0.26285818,0.058333203,hotdog
0.6399676,0.308609,0.036648314,hotdog
0.65828764,0.24519943,0.06990343,hotdog
0.36836338,0.24514104,0.048159387,hotdog
0.50194955,0.26122925,0.058738034,hotdog
0.37858167,0.20082347,0.038433783,hotdog
0.47195008,0.26793793,0.08201004,hotdog
0.33622172,0.30761656,0.116861545,hotdog
0.4569482,0.1653332,0.059358194,hotdog
0.6772768,0.27309915,0.094602175,hotdog
0.3784144,0.26014552,0.082636096,hotdog
0.69947904,0.16001517,0.046323583,hotdog
0.58104014,0.30650955,0.05383185,hotdog
0.4934678,0.320297,0.076978125,hotdog
0.37419954,0.274173,0.084979266,hotdog
0.25181273,0.20274809,0.046682082,hotdog
0.41392493,0.2730212,0.05383279,hotdog
0.4408654,0.2385756,0.06816379,hotdog
0.59643644,0.23720084,0.052943204,hotdog
0.4572444,0.37468562,0.15033457,hotdog
0.41146544,0.21061793,0.035847995,hotdog
0.46050525,0.25373843,0.036826886,hotdog
0.58928627,0.23952317,0.065465935,hotdog
0.36944246,0.24397306,0.04732482,hotdog
0.42637694,0.2218462,0.041280944,hotdog
0.49335065,0.30863193,0.045907423,hotdog
0.4771142,0.20597415,0.0532522,hotdog
0.67073447,0.3308885,0.059300646,hotdog
0.33355603,0.25127023,0.040251557,hotdog
0.45948613,0.24376558,0.053385172,hotdog
0.4738318,0.23043698,0.06453466,hotdog
0.37506938,0.32456046,0.08888154,hotdog
0.30098477,0.2912893,0.044833448,hotdog
0.41674244,0.32129905,0.040713027,hotdog
0.41655818,0.17622095,0.036276054,hotdog
0.43112934,0.22265759,0.058351867,hotdog
0.36648586,0.2808556,0.04683265,hotdog
0.48171878,0.32213128,0.108774565,hotdog
0.57208174,0.20182738,0.041366998,hotdog
0.43283272,0.2707057,0.07412835,hotdog
0.34900022,0.24893466,0.049922474,hotdog
0.39608037,0.17443787,0.0459688,hotdog
0.65625906,0.25886875,0.044264615,hotdog
0.42774448,0.2852833,0.08746637,hotdog
0.53564084,0.26121077,0.038902227,hotdog
0.3776107,0.20582734,0.06341449,hotdog
0.48349187,0.19109538,0.039307073,hotdog
0.48622575,0.32010582,0.07827341,hotdog
0.32655388,0.22490977,0.046254277,hotdog
0.46531585,0.23809825,0.03832948,hotdog
0.38513672,0.25425845,0.048738077,hotdog
0.5140549,0.22287098,0.04660146,hotdog
0.50194955,0.26122925,0.058738034,hotdog
0.40889755,0.33924595,0.073817365,hotdog
0.38993263,0.18204732,0.037688464,hotdog
0.4752097,0.33210188,0.05106632,hotdog
0.4964385,0.20210403,0.040050622,hotdog
0.5964009,0.3128651,0.037630964,hotdog
0.4975029,0.22041559,0.04530649,hotdog
0.5325652,0.24479371,0.07077953,hotdog
0.5982937,0.31805295,0.08336702,hotdog
0.8059843,0.25150508,0.033966355,hotdog
0.5441833,0.19913456,0.036285616,hotdog
0.44381535,0.24753262,0.04921915,hotdog
0.32404843,0.27993932,0.039051488,hotdog
0.5799416,0.18207933,0.052400626,hotdog
0.34730497,0.25404233,0.07147368,hotdog
0.32938537,0.2141537,0.029180668,hotdog
0.6658121,0.23417945,0.06709678,hotdog
0.45649996,0.2726982,0.086613856,hotdog
0.27885783,0.23443349,0.078276426,hotdog
0.36287022,0.28580734,0.072041646,hotdog
0.53222746,0.30268076,0.0541199,hotdog
0.35971078,0.21056332,0.047619745,hotdog
0.4456836,0.20376852,0.06494769,hotdog
0.39490655,0.2325585,0.081775114,hotdog
0.46328774,0.3184919,0.070517205,hotdog
0.59526366,0.2517655,0.048417494,hotdog
0.36263788,0.3269098,0.10945779,hotdog
0.43061194,0.19281653,0.043908313,hotdog
0.3687661,0.30268618,0.04975304,hotdog
0.52699614,0.26895264,0.08161935,hotdog
0.36371872,0.28289992,0.08256836,hotdog
0.42026058,0.29688197,0.105341636,hotdog
0.33622172,0.30761656,0.116861545,hotdog
0.5258946,0.21563992,0.042143628,hotdog
0.4104589,0.2503173,0.051440433,hotdog
0.3757013,0.22596045,0.057616055,hotdog
0.4673952,0.19814102,0.04813698,hotdog
0.27161154,0.25443214,0.059485912,hotdog
0.40301165,0.16099149,0.044143602,hotdog
0.43428805,0.2533732,0.032631516,hotdog
0.2788761,0.25656798,0.054231998,hotdog
0.4058365,0.26470926,0.073019266,hotdog
0.37587893,0.3059531,0.080025844,hotdog
0.48026696,0.25642723,0.07970251,hotdog
0.46301183,0.23788977,0.06873807,hotdog
0.54322976,0.20990156,0.06992861,hotdog
0.47833633,0.24907997,0.05797635,hotdog
0.64690614,0.2577208,0.064209335,hotdog
0.35490552,0.19486432,0.061439674,hotdog
0.33980533,0.32289156,0.053330097,hotdog
0.56112236,0.25689596,0.05149052,hotdog
0.5451362,0.17781903,0.040990096,hotdog
0.52511615,0.274994,0.070006326,hotdog
0.33531162,0.2711952,0.042373415,hotdog
0.44360313,0.20113936,0.04226081,hotdog
0.51198435,0.32899532,0.06315372,hotdog
0.44315585,0.21165618,0.02957846,hotdog
0.29415295,0.2800709,0.099043325,hotdog
0.5656544,0.2602077,0.069456786,hotdog
0.71755433,0.2666801,0.074910484,hotdog
0.5456967,0.27361426,0.06979879,hotdog
0.2615399,0.21915887,0.07024659,hotdog
0.44919845,0.2567034,0.049371358,hotdog
0.59672105,0.2135866,0.039791536,hotdog
0.45184302,0.19593361,0.04100009,hotdog
0.42748335,0.2165267,0.058189128,hotdog
0.47470525,0.21268377,0.046185516,hotdog
0.47328317,0.19477217,0.03864846,hotdog
0.47845936,0.2699119,0.087109715,hotdog
0.24969406,0.17790693,0.061053064,hotdog
0.47671735,0.2428594,0.06334003,hotdog
0.41480517,0.2669096,0.033318862,hotdog
0.19815762,0.14931105,0.03755685,hotdog
0.629257,0.1736338,0.0371819,hotdog
0.5437889,0.22788028,0.055611074,hotdog
0.43388245,0.25480807,0.052933283,hotdog
0.39608037,0.17443787,0.0459688,hotdog
0.5828511,0.2702547,0.060122006,hotdog
0.38383797,0.25387686,0.054457426,hotdog
0.7603434,0.3042193,0.045783516,hotdog
0.27827176,0.20053355,0.06088541,hotdog
0.46078515,0.23883253,0.05727738,hotdog
0.34673372,0.2472557,0.05601071,hotdog
0.5093315,0.1557035,0.04537615,hotdog
0.6985089,0.1842048,0.04651618,hotdog
0.47800884,0.25936237,0.048850365,hotdog
0.57434183,0.3432791,0.120420255,hotdog
0.51062346,0.20251259,0.053742386,hotdog
0.31775692,0.26711813,0.09900421,hotdog
0.53460306,0.27276972,0.06457503,hotdog
0.49209645,0.2816506,0.057756677,hotdog
0.61847746,0.1950458,0.0624832,hotdog
0.5049198,0.18800485,0.041680325,hotdog
0.4935031,0.25638112,0.039407264,hotdog
0.46176958,0.28150183,0.0734076,hotdog
0.36526743,0.27441913,0.052683156,hotdog
0.45780346,0.2065583,0.0384212,hotdog
0.272979,0.3222092,0.035369486,hotdog
0.48467365,0.32738844,0.083230704,hotdog
0.46480438,0.2540741,0.0725061,hotdog
0.41457126,0.19019137,0.058901113,hotdog
0.49067008,0.24850214,0.043562002,hotdog
0.48053977,0.22765616,0.0639965,hotdog
0.39878318,0.22550228,0.063617975,hotdog
0.4964385,0.20210403,0.040050622,hotdog
0.5491374,0.24803741,0.07465431,hotdog
0.40718803,0.3149368,0.057935305,hotdog
0.66058475,0.2600324,0.055562455,hotdog
0.3872451,0.20232393,0.066524476,hotdog
0.40173712,0.28212613,0.067252785,hotdog
0.44396916,0.27818453,0.041236464,hotdog
0.52108,0.25249615,0.07295338,hotdog
0.49702957,0.21373717,0.037502065,hotdog
0.28598198,0.30227467,0.07210216,hotdog
0.46363056,0.32852837,0.06108416,hotdog
0.515455,0.26167393,0.06962429,hotdog
0.44354793,0.2742093,0.04748186,hotdog
0.50077015,0.26984212,0.087526314,hotdog
0.46393636,0.18267417,0.03366754,hotdog
0.37262812,0.2382303,0.044518024,hotdog
0.44161978,0.33126715,0.050553575,hotdog
0.47301248,0.20293398,0.057824835,hotdog
0.2960429,0.2539404,0.037118085,hotdog
0.5087301,0.2627078,0.05757079,hotdog
0.47191653,0.26810524,0.082049504,hotdog
0.551219,0.24119404,0.054669354,hotdog
0.5237429,0.32353762,0.08338712,hotdog
0.48625532,0.2333036,0.04772277,hotdog
0.39708552,0.22141446,0.0510182,hotdog
0.27393976,0.28738287,0.036354735,hotdog
0.5605779,0.26446086,0.059533093,hotdog
0.3788651,0.27914914,0.08887675,hotdog
0.4869322,0.26245105,0.049070314,hotdog
0.5045853,0.20661637,0.06748619,hotdog
0.34635353,0.27846485,0.039562978,hotdog
0.49858478,0.28018916,0.078211926,hotdog
0.41822496,0.23508039,0.056940787,hotdog
0.4794164,0.27116567,0.069686815,hotdog
0.4931984,0.26288044,0.0699675,hotdog
0.45018566,0.29279605,0.050672267,hotdog
0.49384582,0.2867192,0.08183259,hotdog
0.38389096,0.2670525,0.061498456,hotdog
0.8049285,0.27426818,0.042060032,hotdog
0.6013625,0.37001923,0.13053328,hotdog
0.41674244,0.32129905,0.040713027,hotdog
0.30785313,0.22969113,0.036098517,hotdog
0.5561822,0.25419345,0.060830764,hotdog
0.45337817,0.2818172,0.08885566,hotdog
0.5455129,0.27458534,0.059075516,hotdog
0.5388444,0.26570863,0.04754011,hotdog
0.44172537,0.26532763,0.060036268,hotdog
0.44216463,0.24127974,0.04255333,hotdog
0.5513887,0.32596022,0.0761186,hotdog
0.5068403,0.30498508,0.07220605,hotdog
0.49263653,0.3085532,0.036290172,hotdog
0.31492224,0.28636506,0.0655632,hotdog
0.32929775,0.30465996,0.065567225,hotdog
0.74507266,0.2301604,0.053163107,hotdog
0.23869407,0.1703403,0.026572244,hotdog
0.42302528,0.27643228,0.04210843,hotdog
0.5425579,0.29542592,0.046587244,hotdog
0.529984,0.18674055,0.057404142,hotdog
0.4023143,0.19907822,0.0544505,hotdog
0.60275084,0.27907932,0.061878126,hotdog
0.32408017,0.19455147,0.030745655,hotdog
0.68908054,0.26008275,0.073666796,hotdog
0.4439143,0.31154683,0.09069621,hotdog
0.30361584,0.21186376,0.054834366,hotdog
0.5344046,0.31048444,0.04611862,hotdog
0.5881224,0.20930694,0.052710902,hotdog
0.43657994,0.30064756,0.114548326,hotdog
0.6890769,0.26018718,0.07367912,hotdog
0.5468202,0.23051915,0.050820354,hotdog
0.4708022,0.20463522,0.04533647,hotdog
0.44504058,0.15929055,0.030517207,nothotdog
0.5520614,0.26475433,0.03574258,nothotdog
0.41790357,0.3333863,0.108921714,nothotdog
0.5440709,0.330002,0.03709706,nothotdog
0.3653721,0.36555147,0.044307046,nothotdog
0.3894138,0.21559016,0.053322185,nothotdog
0.41533038,0.20790422,0.047043946,nothotdog
0.39938805,0.38223332,0.05366208,nothotdog
0.560533,0.24257593,0.026946131,nothotdog
0.39146116,0.26364595,0.08085755,nothotdog
0.5264094,0.27524322,0.09005185,nothotdog
0.43435952,0.25460732,0.056533284,nothotdog
0.38742545,0.19886407,0.017166091,nothotdog
0.2435046,0.13775723,0.03855352,nothotdog
0.5420293,0.32524267,0.05344572,nothotdog
0.46798298,0.24205758,0.053097326,nothotdog
0.38665605,0.2451401,0.03594274,nothotdog
0.37945232,0.32328543,0.048022132,nothotdog
0.26040122,0.2441543,0.07398719,nothotdog
0.3325513,0.216492,0.061634257,nothotdog
0.4078577,0.14305781,0.033227324,nothotdog
0.44812155,0.29973337,0.04893938,nothotdog
0.34194854,0.21315418,0.058051296,nothotdog
0.54069936,0.21467885,0.048878364,nothotdog
0.3931462,0.26354307,0.02716522,nothotdog
0.32624248,0.2689146,0.049515296,nothotdog
0.40847313,0.20406441,0.0340938,nothotdog
0.4273456,0.3246838,0.02460834,nothotdog
0.5724191,0.17765595,0.024471588,nothotdog
0.50377476,0.19237639,0.057759363,nothotdog
0.67753464,0.28941712,0.042612575,nothotdog
0.30991825,0.3173913,0.06443736,nothotdog
0.2858518,0.27878672,0.07499353,nothotdog
0.5074794,0.20422633,0.04400599,nothotdog
0.3803884,0.18445851,0.048967127,nothotdog
0.35137597,0.30385542,0.021993613,nothotdog
0.6213844,0.21752442,0.027809028,nothotdog
0.594324,0.29297322,0.070641786,nothotdog
0.42884707,0.23610055,0.064849176,nothotdog
0.35970762,0.2586589,0.04870711,nothotdog
0.56034094,0.3129706,0.085782096,nothotdog
0.49670544,0.23925726,0.031154368,nothotdog
0.42385852,0.25134706,0.0652861,nothotdog
0.49629655,0.26164484,0.061842687,nothotdog
0.46971527,0.2117319,0.033894297,nothotdog
0.45071408,0.15573244,0.023188852,nothotdog
0.6118447,0.21007654,0.042147882,nothotdog
0.49763405,0.22090879,0.038308896,nothotdog
0.41309226,0.18031435,0.05638711,nothotdog
0.42051792,0.23615746,0.043429922,nothotdog
0.34351566,0.2349969,0.07453083,nothotdog
0.395514,0.16821101,0.02329991,nothotdog
0.51899326,0.24692695,0.048336115,nothotdog
0.38073215,0.23917359,0.048628278,nothotdog
0.29278544,0.18507186,0.058155343,nothotdog
0.36935088,0.22480965,0.08159777,nothotdog
0.2708805,0.25304952,0.06337721,nothotdog
0.45727643,0.15995753,0.013710159,nothotdog
0.33994436,0.3023881,0.03570216,nothotdog
0.38286948,0.2684322,0.033221684,nothotdog
0.39405742,0.25414908,0.088076875,nothotdog
0.50454116,0.22508958,0.06037518,nothotdog
0.1215475,0.13006763,0.032986566,nothotdog
0.39331344,0.2032482,0.045714095,nothotdog
0.31799436,0.15450345,0.02424117,nothotdog
0.4090333,0.27689508,0.09878698,nothotdog
0.44902685,0.19234893,0.045443658,nothotdog
0.631899,0.22331889,0.057199255,nothotdog
0.36711442,0.29982412,0.04896587,nothotdog
0.47335255,0.2527777,0.08491704,nothotdog
0.46145055,0.32152185,0.04925008,nothotdog
0.4583453,0.29370102,0.08606811,nothotdog
0.652723,0.2889683,0.057239737,nothotdog
0.47382832,0.24515797,0.03428532,nothotdog
0.41708124,0.22036622,0.03004835,nothotdog
0.5842796,0.35578483,0.036389783,nothotdog
0.3772943,0.2390241,0.043171484,nothotdog
0.4970921,0.20105779,0.025735335,nothotdog
0.38333687,0.21354821,0.062127735,nothotdog
0.3981417,0.28024957,0.045268312,nothotdog
0.2617786,0.2593914,0.04504828,nothotdog
0.36925825,0.19374931,0.042520057,nothotdog
0.37593317,0.2735886,0.024051534,nothotdog
0.2774137,0.1636406,0.03911771,nothotdog
0.55485433,0.2308865,0.044613216,nothotdog
0.58973545,0.26474965,0.08343042,nothotdog
0.29725525,0.29092443,0.11859936,nothotdog
0.44039786,0.19557832,0.056526747,nothotdog
0.41167113,0.2203229,0.047632515,nothotdog
0.33329633,0.21388453,0.033535562,nothotdog
0.5591574,0.22173579,0.03824698,nothotdog
0.38241926,0.21734744,0.08704463,nothotdog
0.55510515,0.3001311,0.08213986,nothotdog
0.26652548,0.17922291,0.037215903,nothotdog
0.35637483,0.18470158,0.03992183,nothotdog
0.3399218,0.19986804,0.060124304,nothotdog
0.42083216,0.28968796,0.05767321,nothotdog
0.26781133,0.19920625,0.03685276,nothotdog
0.49464944,0.19660038,0.042132527,nothotdog
0.3649671,0.22101423,0.09155232,nothotdog
0.45375276,0.26923567,0.046909705,nothotdog
0.14873303,0.18855532,0.038416367,nothotdog
0.5027513,0.23436956,0.04104887,nothotdog
0.4157916,0.21426807,0.020195894,nothotdog
0.43190244,0.26386115,0.041924052,nothotdog
0.5167393,0.2878793,0.04857304,nothotdog
0.40636238,0.2531922,0.049398527,nothotdog
0.38172388,0.22384813,0.029798679,nothotdog
0.38349044,0.27909112,0.03543478,nothotdog
0.512919,0.2150265,0.07296439,nothotdog
0.6233522,0.18341982,0.033484433,nothotdog
0.34854832,0.19013749,0.07716114,nothotdog
0.42635265,0.22231501,0.07287015,nothotdog
0.508711,0.27981248,0.08083221,nothotdog
0.6745067,0.19447266,0.057114515,nothotdog
0.6240247,0.18989462,0.046602473,nothotdog
0.41649425,0.20916697,0.032139864,nothotdog
0.6220334,0.28575608,0.03550239,nothotdog
0.35550925,0.2553188,0.073279925,nothotdog
0.37736356,0.31875268,0.067012966,nothotdog
0.4520832,0.27016765,0.065487884,nothotdog
0.3503947,0.20272516,0.05738942,nothotdog
0.37523612,0.27672333,0.036078427,nothotdog
0.29355574,0.14709815,0.014466183,nothotdog
0.11344107,0.20492549,0.016357727,nothotdog
0.25279632,0.2477601,0.04247753,nothotdog
0.35582745,0.22992784,0.04733895,nothotdog
0.40278223,0.29323316,0.03598673,nothotdog
0.3500577,0.24556927,0.08816096,nothotdog
0.46343723,0.28175443,0.048439577,nothotdog
0.3393247,0.2297615,0.071451515,nothotdog
0.47957823,0.31979015,0.039689407,nothotdog
0.37502763,0.29302257,0.0431478,nothotdog
0.3467811,0.16189225,0.052168947,nothotdog
0.39610407,0.25828847,0.060171407,nothotdog
0.5144713,0.30773258,0.078972526,nothotdog
0.24520616,0.28513545,0.06799219,nothotdog
0.41557756,0.28205782,0.044488087,nothotdog
0.3919693,0.29905602,0.039815348,nothotdog
0.43816385,0.26967928,0.08503405,nothotdog
0.41409373,0.20103244,0.04267113,nothotdog
0.76377153,0.27697766,0.023964107,nothotdog
0.4592997,0.17672908,0.05292832,nothotdog
0.4438899,0.28859767,0.04251018,nothotdog
0.38268447,0.2663643,0.023293369,nothotdog
0.4752326,0.28117967,0.028907537,nothotdog
0.39879373,0.16756526,0.030359894,nothotdog
0.35151193,0.26841855,0.036852498,nothotdog
0.39601794,0.20736957,0.04078839,nothotdog
0.36737278,0.22529505,0.06280201,nothotdog
0.5663404,0.23053962,0.032923747,nothotdog
0.3331783,0.2274418,0.03716114,nothotdog
0.04400101,0.12634005,0.012467023,nothotdog
0.3330048,0.24214123,0.07004922,nothotdog
0.23626943,0.2492234,0.029665163,nothotdog
0.33787075,0.20178697,0.046223912,nothotdog
0.44193467,0.3230199,0.059775993,nothotdog
0.3779048,0.22734539,0.07990379,nothotdog
0.33071432,0.23751627,0.050173648,nothotdog
0.28069904,0.21411063,0.05240141,nothotdog
0.44215617,0.29053935,0.09340054,nothotdog
0.411382,0.26610318,0.054440126,nothotdog
0.64783615,0.33025983,0.032741275,nothotdog
0.27093038,0.20748496,0.04241737,nothotdog
0.4390231,0.25173876,0.04834655,nothotdog
0.26593387,0.24283774,0.027350254,nothotdog
0.42634735,0.22429386,0.047344517,nothotdog
0.5271385,0.37345096,0.043157525,nothotdog
0.50944966,0.293445,0.03061997,nothotdog
0.6549508,0.21082889,0.055341195,nothotdog
0.46692446,0.3087712,0.09170495,nothotdog
0.29488304,0.27412567,0.07543256,nothotdog
0.49478933,0.2659829,0.058791194,nothotdog
0.59452784,0.2651874,0.05095696,nothotdog
0.32853925,0.2438607,0.0203198,nothotdog
0.3329254,0.27228674,0.03386958,nothotdog
0.3955247,0.17579328,0.06732614,nothotdog
0.45978394,0.19969322,0.04067931,nothotdog
0.17065369,0.15668592,0.022426112,nothotdog
0.25812638,0.21037537,0.032411143,nothotdog
0.39179865,0.23047145,0.07170665,nothotdog
0.31953368,0.285725,0.08183529,nothotdog
0.30874503,0.26775455,0.02374326,nothotdog
0.3920958,0.19359943,0.044753067,nothotdog
0.4224141,0.24661508,0.04065545,nothotdog
0.41921523,0.26158255,0.064418584,nothotdog
0.46406868,0.28051454,0.04721474,nothotdog
0.21438949,0.159181,0.02074239,nothotdog
0.36465827,0.283697,0.08168759,nothotdog
0.48915777,0.26419878,0.07604354,nothotdog
0.26763895,0.20673256,0.044367358,nothotdog
0.3901262,0.1886144,0.04520871,nothotdog
0.445318,0.2667947,0.08077992,nothotdog
0.3309264,0.29192647,0.126117,nothotdog
0.44576657,0.19750789,0.034895808,nothotdog
0.49106738,0.22973314,0.014654183,nothotdog
0.21375215,0.19252518,0.06619976,nothotdog
0.65797764,0.257948,0.045378786,nothotdog
0.40029368,0.16934209,0.061133914,nothotdog
0.24199675,0.24761447,0.036279082,nothotdog
0.36304733,0.32893434,0.030170275,nothotdog
0.4043456,0.27307263,0.039079696,nothotdog
0.56969565,0.29371166,0.047393415,nothotdog
0.64464444,0.22026227,0.056487426,nothotdog
0.68677235,0.27144364,0.04616723,nothotdog
0.40403855,0.19775161,0.04669752,nothotdog
0.52116877,0.27611804,0.042926442,nothotdog
0.53980225,0.25061283,0.05501954,nothotdog
0.5893925,0.27242973,0.092152,nothotdog
0.41740572,0.25775042,0.07670768,nothotdog
0.24642956,0.25645036,0.03480149,nothotdog
0.40317544,0.21845828,0.08731069,nothotdog
0.80125856,0.28956804,0.03324827,nothotdog
0.4311614,0.34217948,0.09142253,nothotdog
0.19779669,0.18414132,0.036865924,nothotdog
0.38106534,0.2529667,0.05382382,nothotdog
0.5468946,0.21529204,0.035424244,nothotdog
0.32026348,0.22575063,0.053441986,nothotdog
0.3026906,0.31614184,0.059676513,nothotdog
0.4388802,0.29210794,0.06071363,nothotdog
0.61940116,0.3099122,0.014280006,nothotdog
0.43315747,0.2559472,0.061609227,nothotdog
0.34292495,0.21357007,0.055721,nothotdog
0.2523784,0.23617883,0.052735366,nothotdog
0.86242527,0.21042557,0.052136775,nothotdog
0.54415745,0.24768187,0.035390437,nothotdog
0.5470774,0.27689013,0.05402803,nothotdog
0.38271472,0.20995288,0.051608507,nothotdog
0.27329144,0.10347857,0.021271165,nothotdog
0.34840122,0.2675968,0.07941514,nothotdog
0.42443943,0.23718609,0.056293085,nothotdog
0.2720112,0.26072958,0.06645656,nothotdog
0.45603856,0.24459289,0.06356991,nothotdog
0.4160173,0.20195228,0.05755045,nothotdog
0.4895977,0.32899132,0.07936672,nothotdog
0.67485136,0.33898067,0.049498834,nothotdog
0.54680943,0.25585672,0.063968934,nothotdog
0.6824468,0.19775648,0.021425478,nothotdog
0.515354,0.15562892,0.053103562,nothotdog
0.51647073,0.2668748,0.05076456,nothotdog
0.70246714,0.22214544,0.034399915,nothotdog
0.40134394,0.2678855,0.07347515,nothotdog
0.4691842,0.19571757,0.03401053,nothotdog
0.53401345,0.20870687,0.033331648,nothotdog
0.32111156,0.23947506,0.029806621,nothotdog
0.42416432,0.28022376,0.081990756,nothotdog
0.6360789,0.28339002,0.03315641,nothotdog
0.41517982,0.2107769,0.03428249,nothotdog
0.1486364,0.2492894,0.027245097,nothotdog
0.54947376,0.26503277,0.038431004,nothotdog
0.59561676,0.17892802,0.0340498,nothotdog
0.5056098,0.28545278,0.06142625,nothotdog
0.41859326,0.27454615,0.06966556,nothotdog
0.46564654,0.2590726,0.043049127,nothotdog
0.39550933,0.18492989,0.043164745,nothotdog
0.5388705,0.26455396,0.0357555,nothotdog
0.41058624,0.2691604,0.087451965,nothotdog
0.35261956,0.2453837,0.051749244,nothotdog
0.3054085,0.20518017,0.03879731,nothotdog
0.45978758,0.21146479,0.023562416,nothotdog
0.32519987,0.34267187,0.046068076,nothotdog
0.642971,0.3160793,0.04631773,nothotdog
0.3553375,0.24783416,0.043312896,nothotdog
0.71488523,0.39306998,0.014488416,nothotdog
0.32259634,0.20762433,0.04988764,nothotdog
0.4490817,0.2854768,0.09169807,nothotdog
0.5168544,0.31065392,0.08692492,nothotdog
0.5472409,0.28471693,0.03379727,nothotdog
0.39488384,0.263199,0.06292994,nothotdog
0.53015906,0.27462956,0.05411864,nothotdog
0.75660187,0.2823884,0.03414989,nothotdog
0.3319933,0.21033736,0.02395376,nothotdog
0.3595587,0.18072103,0.047883585,nothotdog
0.3625741,0.23935038,0.070264824,nothotdog
0.53702056,0.21818253,0.04468543,nothotdog
0.40715528,0.21296176,0.038172506,nothotdog
0.26495704,0.2618967,0.047325216,nothotdog
0.09707838,0.14567062,0.032632913,nothotdog
0.197115,0.15203528,0.024176903,nothotdog
0.48478112,0.33604208,0.055573747,nothotdog
0.3947967,0.26224783,0.09503039,nothotdog
0.3190007,0.19768368,0.041463647,nothotdog
0.40004513,0.22106943,0.04271385,nothotdog
0.20744127,0.16637042,0.044948913,nothotdog
0.39017263,0.21083744,0.06019285,nothotdog
0.40742007,0.32847646,0.104231216,nothotdog
0.3474919,0.26772428,0.045766775,nothotdog
0.45972148,0.19453874,0.03474428,nothotdog
0.3960184,0.17364594,0.057465535,nothotdog
0.57194626,0.2598482,0.08651185,nothotdog
0.47003832,0.25915852,0.051145174,nothotdog
0.36781892,0.295909,0.08868092,nothotdog
0.20945442,0.18939689,0.036829893,nothotdog
0.12257033,0.21685869,0.03475073,nothotdog
0.3692936,0.23911214,0.05487071,nothotdog
0.47404778,0.22414762,0.0509439,nothotdog
0.29961157,0.28261262,0.06873186,nothotdog
0.31608546,0.26988038,0.081472665,nothotdog
0.4665505,0.1732944,0.050467312,nothotdog
0.4298261,0.26896113,0.057646234,nothotdog
0.4035462,0.18467472,0.035416797,nothotdog
0.5811488,0.3151898,0.10899867,nothotdog
0.5640939,0.2935504,0.05451026,nothotdog
0.90268856,0.16948798,0.015822586,nothotdog
0.33898056,0.18919758,0.047941938,nothotdog
0.4617884,0.20051068,0.029635016,nothotdog
0.5469961,0.25937462,0.08698594,nothotdog
0.17915718,0.1569027,0.029838158,nothotdog
0.66807,0.25674078,0.053009592,nothotdog
0.45149052,0.21903528,0.06036459,nothotdog
0.4642041,0.29898256,0.05564342,nothotdog
0.18951328,0.24100491,0.02979662,nothotdog
0.43212974,0.29450938,0.04549031,nothotdog
0.56163794,0.29011956,0.057341643,nothotdog
0.47403643,0.24918985,0.05781383,nothotdog
0.36468205,0.29601055,0.08447444,nothotdog
0.6307049,0.2476869,0.08635529,nothotdog
0.47169235,0.25606728,0.035511795,nothotdog
0.41141865,0.3875499,0.05264936,nothotdog
0.3100315,0.23648778,0.04262295,nothotdog
0.49213704,0.24387656,0.03657994,nothotdog
0.24003659,0.23732767,0.06210213,nothotdog
0.5064474,0.13629003,0.023605369,nothotdog
0.4211638,0.20189963,0.035129793,nothotdog
0.57232916,0.341044,0.03745059,nothotdog
0.60871094,0.18969886,0.039466772,nothotdog
0.47294667,0.25677037,0.056798145,nothotdog
0.35335377,0.23118867,0.0513852,nothotdog
0.34469154,0.20598772,0.06472257,nothotdog
0.35196057,0.22652632,0.040888116,nothotdog
0.34682012,0.17602786,0.03132982,nothotdog
0.5231266,0.29665232,0.11813544,nothotdog
0.4525924,0.30276543,0.047214605,nothotdog
0.43067622,0.21554175,0.043715656,nothotdog
0.16889994,0.22650303,0.045951247,nothotdog
0.3491654,0.26330715,0.058482423,nothotdog
0.44786206,0.17089552,0.037475877,nothotdog
0.35025612,0.2073495,0.04086672,nothotdog
0.40074944,0.21598029,0.033341035,nothotdog
0.35674703,0.28186387,0.07956877,nothotdog
0.44714415,0.34114066,0.12752591,nothotdog
0.69864434,0.23114718,0.050676238,nothotdog
0.44946805,0.34299234,0.07752038,nothotdog
0.4562509,0.21289381,0.03483633,nothotdog
0.26643753,0.28273913,0.07997054,nothotdog
0.22026686,0.23457001,0.06121344,nothotdog
0.45086107,0.2500272,0.038978968,nothotdog
0.5188431,0.30200616,0.07758005,nothotdog
0.4624101,0.27518925,0.056516156,nothotdog
0.41809914,0.25096923,0.045304365,nothotdog
0.3793923,0.22041667,0.062795214,nothotdog
0.38231805,0.3045833,0.08443308,nothotdog
0.50294393,0.19397129,0.050478674,nothotdog
0.52654845,0.23117198,0.039456625,nothotdog
0.6085405,0.31451458,0.047824573,nothotdog
0.5021822,0.3048852,0.040686753,nothotdog
0.36977884,0.33483136,0.095443025,nothotdog
0.60334027,0.2988542,0.10553835,nothotdog
0.45363668,0.25950956,0.037222553,nothotdog
0.36040327,0.19362591,0.06602948,nothotdog
0.6730373,0.22046709,0.054779135,nothotdog
0.38974333,0.22579037,0.042336807,nothotdog
0.35518312,0.272265,0.033245347,nothotdog
0.47510853,0.2457214,0.062657624,nothotdog
0.49829087,0.2905681,0.044263393,nothotdog
0.6841879,0.30330276,0.016983293,nothotdog
0.4339336,0.25182322,0.037537962,nothotdog
0.30626604,0.2643414,0.05276485,nothotdog
0.42450845,0.29776612,0.08043568,nothotdog
0.3384658,0.19939883,0.061190836,nothotdog
0.42893875,0.2489075,0.08163416,nothotdog
0.3413317,0.22213277,0.06933264,nothotdog
0.3005734,0.2307806,0.056418307,nothotdog
0.22035336,0.18069234,0.038965337,nothotdog
0.5722287,0.2125597,0.048403513,nothotdog
0.45595303,0.2403313,0.034197137,nothotdog
0.49527177,0.3607148,0.017486319,nothotdog
0.38236022,0.25633392,0.056178015,nothotdog
0.69887227,0.28579593,0.040784452,nothotdog
0.44572544,0.15281558,0.059463136,nothotdog
0.5806751,0.19293049,0.047191896,nothotdog
0.35554084,0.2619196,0.04498683,nothotdog
0.39903533,0.25231642,0.036639415,nothotdog
0.34439507,0.14001219,0.023351824,nothotdog
0.37576473,0.11038432,0.041976925,nothotdog
0.60730356,0.26735097,0.052833494,nothotdog
0.36459306,0.2116423,0.048077364,nothotdog
0.4565413,0.23037045,0.058894753,nothotdog
0.46847332,0.30544788,0.045915794,nothotdog
0.4899234,0.31321618,0.0870001,nothotdog
0.370644,0.21843706,0.05267706,nothotdog
0.45900717,0.21203846,0.068332165,nothotdog
0.45024,0.26924178,0.06595462,nothotdog
0.4363682,0.29150763,0.04938887,nothotdog
0.306046,0.19737904,0.042848755,nothotdog
0.61427265,0.19152664,0.06883762,nothotdog
0.30036047,0.2063392,0.03948141,nothotdog
0.44079494,0.21448433,0.02905844,nothotdog
0.48134235,0.21544918,0.044792082,nothotdog
0.5624111,0.30719355,0.066524565,nothotdog
0.49964485,0.3541068,0.06285487,nothotdog
0.55555505,0.19106196,0.039959095,nothotdog
0.28183275,0.28585207,0.024810962,nothotdog
0.3596185,0.24378471,0.039426554,nothotdog
0.30438218,0.20137824,0.038803123,nothotdog
0.42601657,0.3352506,0.031464715,nothotdog
0.51949847,0.194547,0.06667001,nothotdog
0.36861992,0.2588118,0.050325613,nothotdog
0.37732294,0.2094576,0.07426025,nothotdog
0.51441455,0.30921674,0.059789285,nothotdog
0.5921867,0.28599584,0.087468475,nothotdog
0.34017965,0.23224644,0.03630538,nothotdog
0.40286827,0.23779382,0.044082172,nothotdog
0.63756645,0.2828103,0.06533462,nothotdog
0.15980816,0.15019338,0.043005276,nothotdog
0.45130706,0.28929743,0.07646705,nothotdog
0.33615723,0.24017926,0.04957612,nothotdog
0.52086836,0.22063972,0.042675834,nothotdog
0.480687,0.3652695,0.0480495,nothotdog
0.47871765,0.26364633,0.073540255,nothotdog
0.37174225,0.22516727,0.036648076,nothotdog
0.1280185,0.15578303,0.022588871,nothotdog
0.6613243,0.26188815,0.07851038,nothotdog
0.37026346,0.25485265,0.055799246,nothotdog
0.48468122,0.3017313,0.064846724,nothotdog
0.29279944,0.19888422,0.040574927,nothotdog
0.48828593,0.32061884,0.060603585,nothotdog
0.45416164,0.14671832,0.029331304,nothotdog
0.47310185,0.08664854,0.017424725,nothotdog
0.28600845,0.31543848,0.060064692,nothotdog
0.43844905,0.27492326,0.10071948,nothotdog
0.4729198,0.2372695,0.076162115,nothotdog
0.33150694,0.1792147,0.03287391,nothotdog
0.36353812,0.23313248,0.05316154,nothotdog
0.38648522,0.2527776,0.051670678,nothotdog
0.36787763,0.21621013,0.05010617,nothotdog
0.34484968,0.24373291,0.02364973,nothotdog
0.38317195,0.19968647,0.05150585,nothotdog
0.47926068,0.24524668,0.06907984,nothotdog
0.5153993,0.2708387,0.11162358,nothotdog
0.44379067,0.3333781,0.039972443,nothotdog
0.28007486,0.21675082,0.04243639,nothotdog
0.38076246,0.20260425,0.011623447,nothotdog
0.34163418,0.23212335,0.059770815,nothotdog
0.41677734,0.15370396,0.042922303,nothotdog
0.45186898,0.31924772,0.052091256,nothotdog
0.46953428,0.3168659,0.098943025,nothotdog
0.43965915,0.1789774,0.04281119,nothotdog
0.32564905,0.14464116,0.01900051,nothotdog
0.39227745,0.26110253,0.08737674,nothotdog
0.348658,0.22070934,0.06157829,nothotdog
0.57524467,0.16509232,0.05639811,nothotdog
0.44433928,0.24138305,0.05106012,nothotdog
0.4128125,0.31761074,0.104688935,nothotdog
0.6067026,0.2883594,0.06220899,nothotdog
0.2808834,0.22270831,0.029768059,nothotdog
0.5438757,0.2980151,0.069864094,nothotdog
0.22291024,0.21915367,0.055717535,nothotdog
0.21596825,0.11827538,0.021847125,nothotdog
0.56257945,0.30794558,0.041059036,nothotdog
0.30173564,0.18290752,0.054749284,nothotdog
0.41015926,0.28854582,0.08632707,nothotdog
0.5209475,0.35036033,0.04878169,nothotdog
0.53513646,0.14426847,0.045243695,nothotdog
0.36104652,0.15892397,0.06550635,nothotdog
0.30029854,0.18421002,0.057723343,nothotdog
0.33769956,0.2589954,0.061198726,nothotdog
0.4881551,0.31161922,0.08884875,nothotdog
0.40375313,0.28503057,0.11290579,nothotdog
0.33354136,0.23109104,0.046791773,nothotdog
0.2092961,0.24540651,0.03226922,nothotdog
0.3804525,0.35295954,0.032967,nothotdog
0.2941014,0.24620074,0.043734115,nothotdog
0.580946,0.28354827,0.041189283,nothotdog
0.35779288,0.23053806,0.0422327,nothotdog
0.53644615,0.33995432,0.120693356,nothotdog
0.3307385,0.30404338,0.05793889,nothotdog
0.38291368,0.23346058,0.017804487,nothotdog
0.46728334,0.31096613,0.046350036,nothotdog
0.35467172,0.21138641,0.047882155,nothotdog
0.6823464,0.32176048,0.06758596,nothotdog
0.3562697,0.33304074,0.038008254,nothotdog
0.8713016,0.24020289,0.0128205875,nothotdog
0.4412767,0.29115927,0.06395586,nothotdog
0.27745163,0.23651563,0.017234227,nothotdog
0.26534614,0.24588697,0.041051056,nothotdog
0.46864095,0.2815368,0.040923674,nothotdog
0.26904505,0.22528753,0.047414772,nothotdog
0.45258605,0.18605168,0.064325236,nothotdog
0.54281443,0.37004694,0.06434305,nothotdog
0.2777403,0.10714064,0.024773732,nothotdog
0.43686017,0.2567747,0.051919356,nothotdog
0.30132508,0.25407863,0.048978023,nothotdog
0.4033263,0.2768738,0.06803242,nothotdog
0.25512823,0.2798678,0.030331854,nothotdog
0.3496805,0.23618893,0.07504748,nothotdog
0.42262602,0.20495573,0.069673486,nothotdog
0.50793916,0.2922609,0.06643082,nothotdog
0.44601837,0.2981005,0.04941443,nothotdog
0.62909853,0.26624227,0.07564811,nothotdog
0.4564782,0.291868,0.058840096,nothotdog
0.38336924,0.27945575,0.037551075,nothotdog
0.44149795,0.21519838,0.05755977,nothotdog
0.49579898,0.18055907,0.034504905,nothotdog
0.5554146,0.23217148,0.044608667,nothotdog
0.45492783,0.29038674,0.05926476,nothotdog
0.35480142,0.22177097,0.028727733,nothotdog
0.4185485,0.23236798,0.062201366,nothotdog
0.47592854,0.22928019,0.050156392,nothotdog
0.39014116,0.22960584,0.07975804,nothotdog
0.3444222,0.20050077,0.06392641,nothotdog
0.33664846,0.20606004,0.07024205,nothotdog
0.3486251,0.28536367,0.05447237,nothotdog
0.68861645,0.23582417,0.04506658,nothotdog
0.4864975,0.31087285,0.088758074,nothotdog
0.38719448,0.23741317,0.08215881,nothotdog
0.4037142,0.24859987,0.058335807,nothotdog
0.21870166,0.14438517,0.0238323,nothotdog
0.43760237,0.14904505,0.028070437,nothotdog
0.34808072,0.2994912,0.039448567,nothotdog
0.4610393,0.16886757,0.04664029,nothotdog
0.47108614,0.2066604,0.048486225,nothotdog
0.53347677,0.316387,0.070869476,nothotdog
0.46471477,0.21098651,0.04029577,nothotdog
0.58103865,0.23435251,0.051882252,nothotdog
0.56240577,0.29919615,0.043924686,nothotdog
0.591683,0.32500866,0.037427798,nothotdog
0.38786888,0.21427648,0.045817126,nothotdog
0.4063723,0.34372476,0.12843674,nothotdog
0.46326372,0.2540929,0.02759748,nothotdog
0.44787621,0.2514262,0.056887526,nothotdog
0.32995948,0.19696802,0.036754582,nothotdog
0.2795596,0.19189087,0.039050203,nothotdog
0.43001726,0.25662345,0.041101158,nothotdog
0.30359733,0.2927007,0.053373385,nothotdog
0.37296906,0.26549786,0.06267412,nothotdog
0.30865282,0.24118511,0.043289416,nothotdog
0.45651296,0.2638163,0.061187506,nothotdog
0.6226628,0.23290363,0.065458395,nothotdog
0.27518263,0.1595598,0.032597225,nothotdog
0.46904302,0.23938958,0.044555865,nothotdog
0.23785943,0.27669567,0.017288111,nothotdog
0.39367318,0.2718292,0.03537446,nothotdog
0.5044406,0.2045016,0.031906363,nothotdog
0.44595352,0.2498409,0.053231735,nothotdog
0.33062464,0.25746164,0.030577935,nothotdog
0.45261583,0.22386089,0.041246764,nothotdog
0.44023904,0.26933587,0.091281764,nothotdog
0.2564248,0.17110972,0.021764752,nothotdog
0.23009922,0.22812554,0.052788824,nothotdog
0.39869192,0.22398904,0.048607096,nothotdog
0.445466,0.2863661,0.025849042,nothotdog
0.35808957,0.18724403,0.045448348,nothotdog
0.35653183,0.21909724,0.040887758,nothotdog
0.42951703,0.20074841,0.058144636,nothotdog
0.52698773,0.28377137,0.04769581,nothotdog
0.5688422,0.17630306,0.03506861,nothotdog
0.34206966,0.21386763,0.038897056,nothotdog
0.50928015,0.3071935,0.06037799,nothotdog
0.475832,0.15157238,0.045883793,nothotdog
0.47441432,0.21551296,0.053317443,nothotdog
0.42053103,0.36043516,0.014257414,nothotdog
0.39333096,0.26294425,0.052911434,nothotdog
0.5032821,0.28276598,0.064802535,nothotdog
0.4220961,0.26323754,0.07647094,nothotdog
0.475178,0.33765885,0.02620968,nothotdog
0.4281219,0.2396906,0.092244655,nothotdog
0.5251786,0.22549579,0.07341796,nothotdog
0.67839044,0.21422575,0.040043905,nothotdog
0.47899923,0.3221354,0.085592665,nothotdog
0.5209598,0.21208507,0.036003727,nothotdog
0.34060147,0.28231046,0.046847362,nothotdog
0.39218926,0.24085931,0.03149107,nothotdog
0.2731353,0.16891092,0.044604994,nothotdog
0.39972565,0.28863984,0.037223484,nothotdog
0.21723174,0.2346219,0.06269795,nothotdog
0.36344746,0.18144171,0.027730359,nothotdog
0.45063958,0.25314623,0.032686602,nothotdog
0.5101916,0.263353,0.037792314,nothotdog
0.24945666,0.21934333,0.036178358,nothotdog
0.4875513,0.24659733,0.09513596,nothotdog
0.20475662,0.22797297,0.046157323,nothotdog
0.38656256,0.22246034,0.017424913,nothotdog
0.2618777,0.2617899,0.025583705,nothotdog
0.42613885,0.2353853,0.049180105,nothotdog
0.46916854,0.20489687,0.064494684,nothotdog
0.43198478,0.16352579,0.040048853,nothotdog
0.27133223,0.18200123,0.04647822,nothotdog
0.5536414,0.22433624,0.047606584,nothotdog
0.42625487,0.22975124,0.039254583,nothotdog
0.33313027,0.28575486,0.07821134,nothotdog
0.56453675,0.21335346,0.058467932,nothotdog
0.25540054,0.23895101,0.015202514,nothotdog
0.42385802,0.25117236,0.05934722,nothotdog
0.44662258,0.24287173,0.05605857,nothotdog
0.54460853,0.2951141,0.058310706,nothotdog
0.4333187,0.31083366,0.058943465,nothotdog
0.41607323,0.21367246,0.050208524,nothotdog
0.33367196,0.266445,0.059305683,nothotdog
0.60787123,0.2207985,0.038747698,nothotdog
0.36737606,0.25709543,0.024767667,nothotdog
0.2188167,0.105306536,0.022473384,nothotdog
0.39826456,0.25915337,0.036744345,nothotdog
0.40170968,0.27076358,0.09904028,nothotdog
0.39252874,0.218855,0.043795373,nothotdog
0.6225851,0.29261005,0.06552662,nothotdog
0.26874977,0.24600257,0.030929506,nothotdog
0.442273,0.24954985,0.04371803,nothotdog
0.56052953,0.27433604,0.05858228,nothotdog
0.29070997,0.24659136,0.038973644,nothotdog
0.41297102,0.29369828,0.03436556,nothotdog
0.39610484,0.30842808,0.03026603,nothotdog
0.48975584,0.2602386,0.05532681,nothotdog
0.31165805,0.27792662,0.035971213,nothotdog
0.3860295,0.24609546,0.08194862,nothotdog
0.5110664,0.18911232,0.037562795,nothotdog
0.49824142,0.25962368,0.020035047,nothotdog
0.35967818,0.18672596,0.047255285,nothotdog
0.48907176,0.3391956,0.06421163,nothotdog
0.42027864,0.24640828,0.04459965,nothotdog
0.44003603,0.33934557,0.025957337,nothotdog
0.27612802,0.18431263,0.038758174,nothotdog
0.5468974,0.18116425,0.056063097,nothotdog
0.4262508,0.18423809,0.045850158,nothotdog
0.44929183,0.20043619,0.05005195,nothotdog
0.5435142,0.22298,0.040595777,nothotdog
0.7042732,0.24404255,0.056705818,nothotdog
0.52665925,0.35906887,0.059323788,nothotdog
0.59649545,0.29971695,0.039307706,nothotdog
0.5848529,0.2664825,0.082628176,nothotdog
0.5432426,0.13730294,0.027114768,nothotdog
0.4115344,0.22069433,0.051814184,nothotdog
0.26097706,0.2072844,0.045377713,nothotdog
0.3781959,0.25856438,0.047004387,nothotdog
0.4473673,0.32427546,0.07406261,nothotdog
0.54096526,0.30832386,0.05123439,nothotdog
0.26718727,0.15929353,0.03754416,nothotdog
0.24466604,0.27062744,0.054416757,nothotdog
0.45097944,0.19108495,0.041339077,nothotdog
0.41090298,0.21970364,0.04535174,nothotdog
0.54534024,0.24178249,0.04927389,nothotdog
0.38369647,0.28337646,0.03331674,nothotdog
0.36072418,0.26416817,0.07753051,nothotdog
0.38855943,0.33215386,0.03945503,nothotdog
0.6736838,0.1917001,0.019262813,nothotdog
0.5175671,0.2712398,0.09417349,nothotdog
0.5058697,0.187268,0.04624579,nothotdog
0.4834105,0.22538243,0.0662296,nothotdog
0.41480622,0.25690243,0.02950466,nothotdog
0.29684994,0.2587462,0.067883864,nothotdog
0.41975346,0.26954153,0.09500242,nothotdog
0.46786487,0.2422755,0.05626039,nothotdog
0.55207056,0.32206863,0.07764055,nothotdog
0.5617152,0.31287476,0.06584553,nothotdog
0.4961058,0.26666775,0.02365369,nothotdog
0.3511169,0.27490953,0.02600313,nothotdog
0.4511397,0.21851824,0.052045345,nothotdog
0.598306,0.28953293,0.04510896,nothotdog
0.45541802,0.21810289,0.04530339,nothotdog
0.41052422,0.29643473,0.046895172,nothotdog
0.4405619,0.24382305,0.04997408,nothotdog
0.668891,0.2577257,0.045318775,nothotdog
0.4136878,0.24120224,0.039313063,nothotdog
0.4890888,0.23578085,0.05598994,nothotdog
0.6268309,0.25471422,0.057436194,nothotdog
0.37263846,0.2468253,0.06834086,nothotdog
0.49614498,0.14940362,0.028964013,nothotdog
0.3089434,0.22935605,0.04606061,nothotdog
0.5268875,0.30318123,0.048186123,nothotdog
0.20987046,0.118711084,0.012574756,nothotdog
0.6228475,0.27881876,0.09279393,nothotdog
0.308512,0.23780361,0.0532136,nothotdog
0.2842262,0.2120469,0.05475814,nothotdog
0.3145587,0.28917468,0.08869797,nothotdog
0.28443238,0.18103912,0.033810526,nothotdog
0.34475458,0.24148002,0.06064519,nothotdog
0.4625893,0.17400138,0.039747033,nothotdog
0.4368844,0.2721243,0.027345866,nothotdog
0.61016184,0.2466781,0.029748645,nothotdog
0.33291522,0.24281348,0.061693516,nothotdog
0.34777084,0.2375906,0.045508426,nothotdog
0.7156262,0.24450666,0.048099518,nothotdog
0.3674275,0.15607926,0.037616022,nothotdog
0.13010676,0.15142272,0.03362439,nothotdog
0.27228892,0.2636734,0.04398292,nothotdog
0.58908075,0.30314332,0.1014793,nothotdog
0.51697487,0.24351639,0.031068547,nothotdog
0.25265923,0.25919965,0.08910921,nothotdog
0.47593418,0.29775193,0.04884399,nothotdog
0.45515704,0.26858088,0.07615462,nothotdog
0.5748736,0.25583115,0.07254729,nothotdog
0.32908776,0.19982956,0.035565253,nothotdog
0.38038468,0.31058,0.038910136,nothotdog
0.42639562,0.24216089,0.045660827,nothotdog
0.50193447,0.3800632,0.033404067,nothotdog
0.3885602,0.24222581,0.042109583,nothotdog
0.40025663,0.2185544,0.011227477,nothotdog
0.49387965,0.19289716,0.03581179,nothotdog
0.43149266,0.23063974,0.047975097,nothotdog
0.5732386,0.1997602,0.041966237,nothotdog
0.25418934,0.24477234,0.061380334,nothotdog
0.44467464,0.25005725,0.024506971,nothotdog
0.42786527,0.20875664,0.06300824,nothotdog
0.24519531,0.3343456,0.04302936,nothotdog
0.36070415,0.16813427,0.062393427,nothotdog
0.37216127,0.22614059,0.042471148,nothotdog
0.39730552,0.2149508,0.057871785,nothotdog
0.55234355,0.26643977,0.056095123,nothotdog
0.472625,0.31091133,0.052906,nothotdog
0.65086156,0.25360602,0.049983166,nothotdog
0.35834298,0.2761048,0.05517783,nothotdog
0.4245435,0.2401316,0.04303001,nothotdog
0.44738126,0.19521403,0.046108205,nothotdog
0.43296036,0.1779224,0.053893883,nothotdog
0.39461336,0.23007673,0.046055507,nothotdog
0.25451815,0.19756147,0.022191226,nothotdog
0.3893566,0.25387198,0.040187374,nothotdog
0.5085227,0.2523042,0.056201857,nothotdog
0.24323757,0.26707047,0.06595507,nothotdog
0.5868095,0.26984742,0.04466587,nothotdog
0.305771,0.27375054,0.06256112,nothotdog
0.66047895,0.25290895,0.024252579,nothotdog
0.36985633,0.17365344,0.049301915,nothotdog
0.48178443,0.24389128,0.045220062,nothotdog
0.5134541,0.24566036,0.07273856,nothotdog
0.5052741,0.25745457,0.07442451,nothotdog
0.2785015,0.36865017,0.031462718,nothotdog
0.6223716,0.2966181,0.041053135,nothotdog
0.10178399,0.17588022,0.018639324,nothotdog
0.2688956,0.1840106,0.042539362,nothotdog
0.4787146,0.23965701,0.06504994,nothotdog
0.34390584,0.30028722,0.028783023,nothotdog
0.5864882,0.29814535,0.059472084,nothotdog
0.41694131,0.1937243,0.044732425,nothotdog
0.46669087,0.27347398,0.0462725,nothotdog
0.48115268,0.2300866,0.040852588,nothotdog
0.30274794,0.22322454,0.03978499,nothotdog
0.18976997,0.16951326,0.037929222,nothotdog
0.70240384,0.2868948,0.04144028,nothotdog
0.5608518,0.2573055,0.08102146,nothotdog
0.56390685,0.24094471,0.04741868,nothotdog
0.41545466,0.21194893,0.06392284,nothotdog
0.24575604,0.16158524,0.035932105,nothotdog
0.40510836,0.24391007,0.040093746,nothotdog
0.42363608,0.23165458,0.042316962,nothotdog
0.28238145,0.227704,0.0411586,nothotdog
0.4033397,0.23941036,0.09945676,nothotdog
0.47396967,0.11570268,0.042498652,nothotdog
0.4546218,0.24615653,0.04717425,nothotdog
0.6487669,0.18257703,0.046975452,nothotdog
0.30748078,0.29053873,0.07748064,nothotdog
0.43267238,0.24960887,0.06928165,nothotdog
0.67248297,0.25489563,0.03283371,nothotdog
0.39613107,0.32806242,0.09927985,nothotdog
0.57320786,0.30565974,0.09175058,nothotdog
0.38572416,0.2254848,0.039024346,nothotdog
0.50733906,0.2571738,0.03535904,nothotdog
0.46646747,0.15841639,0.044065997,nothotdog
0.3720024,0.3102247,0.03581132,nothotdog
0.43747386,0.25881544,0.061857674,nothotdog
0.8520162,0.22858594,0.018090848,nothotdog
0.5476511,0.18158981,0.030148337,nothotdog
0.45925584,0.2713711,0.03226503,nothotdog
0.39931968,0.2292317,0.063593455,nothotdog
0.52426296,0.20041192,0.046977747,nothotdog
0.5313031,0.15665124,0.056466453,nothotdog
0.37616977,0.26259747,0.044754703,nothotdog
0.28228292,0.23037757,0.048728887,nothotdog
0.59849757,0.21488185,0.057375416,nothotdog
0.3112603,0.21433681,0.04776848,nothotdog
0.26814413,0.19819754,0.03567554,nothotdog
0.34644425,0.26481724,0.029110126,nothotdog
0.6318524,0.27439648,0.07721601,nothotdog
0.45811287,0.31962505,0.053543806,nothotdog
0.4433309,0.31064624,0.06397564,nothotdog
0.45272684,0.3116389,0.065570414,nothotdog
0.39173296,0.3337147,0.06570647,nothotdog
0.53697056,0.28193334,0.017537596,nothotdog
0.35711256,0.19946745,0.048460864,nothotdog
0.45427158,0.24558151,0.06031412,nothotdog
0.3881164,0.20803006,0.040206306,nothotdog
0.26469162,0.21739711,0.050089743,nothotdog
0.42485806,0.28737256,0.11269721,nothotdog
0.3531692,0.25697824,0.06012461,nothotdog
0.50663215,0.32153603,0.08112519,nothotdog
0.17460676,0.20319152,0.05577502,nothotdog
0.13854446,0.12226368,0.029879034,nothotdog
0.51313347,0.2640617,0.07423476,nothotdog
0.55721635,0.2649749,0.08285698,nothotdog
0.40115187,0.21204746,0.06895336,nothotdog
0.22286992,0.21323626,0.05250724,nothotdog
0.5622794,0.25929543,0.060426302,nothotdog
0.6090462,0.2462145,0.038859393,nothotdog
0.47734594,0.2962016,0.062140126,nothotdog
0.5143201,0.23989263,0.05997136,nothotdog
0.63510233,0.28299826,0.043713793,nothotdog
0.542838,0.27744862,0.041417368,nothotdog
0.4194726,0.2899543,0.039998423,nothotdog
0.26924148,0.254726,0.030295445,nothotdog
0.5062707,0.23714203,0.052952092,nothotdog
0.52335495,0.21498623,0.024311658,nothotdog
0.32873598,0.27356473,0.078348145,nothotdog
0.37533024,0.23827112,0.064295195,nothotdog
0.36710492,0.25455388,0.0554129,nothotdog
0.41214943,0.24212483,0.03826836,nothotdog
0.25836632,0.23417719,0.077357195,nothotdog
0.29518294,0.26129067,0.038878825,nothotdog
0.3909831,0.23451427,0.07066104,nothotdog
0.32811472,0.23712292,0.053810745,nothotdog
0.54220086,0.25420827,0.09302757,nothotdog
0.48716816,0.33159304,0.04707672,nothotdog
0.50181013,0.2235564,0.034032833,nothotdog
0.2826634,0.20608659,0.035117287,nothotdog
0.53417826,0.22084467,0.07444226,nothotdog
0.24660909,0.16747491,0.051782753,nothotdog
0.6844597,0.27300045,0.029047893,nothotdog
0.5041872,0.2210237,0.056586213,nothotdog
0.3173618,0.282402,0.077191204,nothotdog
0.4415284,0.18487848,0.029270185,nothotdog
0.39886346,0.2697035,0.044604983,nothotdog
0.5251499,0.24520399,0.02992467,nothotdog
0.47683942,0.2861503,0.080767274,nothotdog
0.44911945,0.23355368,0.06310812,nothotdog
0.425678,0.23063764,0.030858712,nothotdog
0.4290258,0.28576723,0.051861465,nothotdog
0.53121126,0.3132826,0.111128956,nothotdog
0.5706051,0.18672095,0.041837722,nothotdog
0.39247468,0.2751796,0.09683964,nothotdog
0.29090548,0.2834685,0.0888442,nothotdog
0.38802123,0.17347638,0.053298794,nothotdog
0.47681472,0.26866937,0.07673078,nothotdog
0.23102087,0.32186964,0.033032052,nothotdog
0.37299478,0.19799775,0.03439553,nothotdog
0.28383848,0.22453403,0.03458365,nothotdog
0.44590446,0.19651449,0.046717502,nothotdog
0.60347503,0.26413023,0.050271418,nothotdog
0.6019633,0.18539022,0.060955934,nothotdog
0.37999725,0.28139386,0.046678107,nothotdog
0.46825704,0.26156837,0.06412187,nothotdog
0.23303549,0.20307352,0.026786612,nothotdog
0.59169805,0.3106328,0.03009069,nothotdog
0.47831738,0.24505971,0.036982175,nothotdog
0.42002186,0.21256633,0.033380713,nothotdog
0.41949657,0.248311,0.05102543,nothotdog
0.59230185,0.23502664,0.028545568,nothotdog
0.21088462,0.29428315,0.05219597,nothotdog
0.23153915,0.22163135,0.04567851,nothotdog
0.5330186,0.26355323,0.043857805,nothotdog
0.58373445,0.25320932,0.041544203,nothotdog
0.49484083,0.24130917,0.06860946,nothotdog
0.6980323,0.21142796,0.032732714,nothotdog
0.60620946,0.23950431,0.035181142,nothotdog
0.3489432,0.25105187,0.06073877,nothotdog
0.39919302,0.24853371,0.052445482,nothotdog
0.4507304,0.23454164,0.057582453,nothotdog
0.33615884,0.24803632,0.02689237,nothotdog
0.48661807,0.21797366,0.055647213,nothotdog
0.24606758,0.23172583,0.029762166,nothotdog
0.34619677,0.24951564,0.07738166,nothotdog
0.2770156,0.17685498,0.044039253,nothotdog
0.45015302,0.20959036,0.06377844,nothotdog
0.45602623,0.25879425,0.048527084,nothotdog
0.41700152,0.24762525,0.07809502,nothotdog
0.39794907,0.2306542,0.06224789,nothotdog
0.31824544,0.17837699,0.021750633,nothotdog
0.25289524,0.26797885,0.031697195,nothotdog
0.10766324,0.13680744,0.022390928,nothotdog
0.38113937,0.24339287,0.047499936,nothotdog
0.46703115,0.21927932,0.06309975,nothotdog
0.41983962,0.2741191,0.067065395,nothotdog
0.49545392,0.15524136,0.049733873,nothotdog
0.30783573,0.2588867,0.089045346,nothotdog
0.39624047,0.2992398,0.057085574,nothotdog
0.5540541,0.26451138,0.0639354,nothotdog
0.2615784,0.20473465,0.03811504,nothotdog
0.43262628,0.1737191,0.07256773,nothotdog
0.421574,0.35678717,0.052799046,nothotdog
0.4978583,0.28451493,0.047432642,nothotdog
0.42767832,0.23513836,0.07671899,nothotdog
0.4031842,0.17462744,0.04531407,nothotdog
0.21955152,0.1926773,0.042117435,nothotdog
0.41392186,0.20720953,0.05581796,nothotdog
0.40742743,0.21101283,0.056015745,nothotdog
0.55655694,0.3339127,0.026202405,nothotdog
0.28763893,0.18451673,0.060162928,nothotdog
0.33697224,0.30999294,0.08558139,nothotdog
0.5573272,0.23943049,0.05035261,nothotdog
0.4565933,0.26978153,0.048447147,nothotdog
0.44366825,0.2641011,0.036031485,nothotdog
0.39009902,0.251834,0.04582937,nothotdog
0.44994,0.30255553,0.069391094,nothotdog
0.3663977,0.3002922,0.10447719,nothotdog
0.27272338,0.14989926,0.03639058,nothotdog
0.31694657,0.25194845,0.092321165,nothotdog
0.458697,0.19059053,0.056910437,nothotdog
0.3316118,0.366965,0.04016076,nothotdog
0.32361904,0.24723735,0.06728665,nothotdog
0.4671041,0.22306943,0.047708314,nothotdog
0.2733993,0.2728129,0.060003918,nothotdog
0.78432554,0.16637376,0.03890103,nothotdog
0.41857505,0.22231722,0.041776437,nothotdog
0.38425377,0.27938432,0.039719883,nothotdog
0.62449956,0.27093813,0.049127366,nothotdog
0.48900446,0.30039373,0.06355158,nothotdog
0.28830764,0.19769587,0.04419964,nothotdog
0.48538134,0.23974626,0.072979726,nothotdog
0.4778725,0.20603499,0.05255672,nothotdog
0.23839623,0.17190395,0.036322407,nothotdog
0.4435891,0.27662265,0.06802145,nothotdog
0.36152184,0.31699136,0.10627672,nothotdog
0.5762536,0.2092973,0.03251876,nothotdog
0.57202804,0.31649,0.0820136,nothotdog
0.4506663,0.32126287,0.13002922,nothotdog
0.37659356,0.25885028,0.045122392,nothotdog
0.2881738,0.2257967,0.034494944,nothotdog
0.4315122,0.23567304,0.042140003,nothotdog
0.25358602,0.24585615,0.08610802,nothotdog
0.4735012,0.21157268,0.049274158,nothotdog
0.44428277,0.17872801,0.044375524,nothotdog
0.4856522,0.24819055,0.05776539,nothotdog
0.57530063,0.2268543,0.03874463,nothotdog
0.45116463,0.2589692,0.048960965,nothotdog
0.39166692,0.20348093,0.03389271,nothotdog
0.36739847,0.34612173,0.062470928,nothotdog
0.4570837,0.1825052,0.050989237,nothotdog
0.5363868,0.2624789,0.087032355,nothotdog
0.16287906,0.15208082,0.023518443,nothotdog
0.44340253,0.29796144,0.07988396,nothotdog
0.65928775,0.2787737,0.05967857,nothotdog
0.3090593,0.24962014,0.021493668,nothotdog
0.48144794,0.2578138,0.09293013,nothotdog
0.3379817,0.27516198,0.04929131,nothotdog
0.6210105,0.33961648,0.071060136,nothotdog
0.1792144,0.2090122,0.037498593,nothotdog
0.40981564,0.29071087,0.10140376,nothotdog
0.4133502,0.21743953,0.04445149,nothotdog
0.52875787,0.19241595,0.04981789,nothotdog
0.50183684,0.27635077,0.025184184,nothotdog
0.40642536,0.20205317,0.05919917,nothotdog
0.60615885,0.317165,0.05664738,nothotdog
0.43126717,0.22868529,0.07192043,nothotdog
0.49943104,0.3177399,0.055192284,nothotdog
0.34250656,0.29596853,0.046968747,nothotdog
0.45301533,0.35019386,0.04299663,nothotdog
0.5480945,0.39256194,0.020084994,nothotdog
0.58941215,0.2601704,0.048926514,nothotdog
0.5217841,0.26483172,0.07836136,nothotdog
0.4062562,0.24737771,0.08419691,nothotdog
0.67878246,0.14472687,0.02661327,nothotdog
0.53091234,0.14969027,0.021406652,nothotdog
0.293001,0.15310481,0.026752438,nothotdog
0.2881551,0.1928668,0.041911352,nothotdog
0.5403535,0.21599491,0.05026556,nothotdog
0.5294347,0.19249262,0.019566238,nothotdog
0.3175054,0.20344472,0.035916135,nothotdog
0.27039987,0.23445092,0.021480706,nothotdog
0.122101344,0.22101934,0.0267155,nothotdog
0.44143716,0.27837625,0.032323662,nothotdog
0.6057904,0.3206362,0.03255092,nothotdog
0.18980242,0.24073943,0.028473116,nothotdog
0.26883277,0.19756797,0.032140892,nothotdog
0.23343116,0.22807002,0.05319326,nothotdog
0.41186926,0.2198877,0.058368392,nothotdog
0.6092114,0.23744388,0.025793273,nothotdog
0.5182115,0.1981509,0.04438086,nothotdog
0.4019344,0.11375407,0.04380593,nothotdog
0.40168178,0.199542,0.04403442,nothotdog
0.23977995,0.19044733,0.024976172,nothotdog
0.47898555,0.26144317,0.05452587,nothotdog
0.5027411,0.22094668,0.047791526,nothotdog
0.44968596,0.27673283,0.058510825,nothotdog
0.39184737,0.287774,0.08906381,nothotdog
